PassengerId,Survived,Pclass,Sex,Age,Fare,Embarked,label,cabin_type,status,is_alone,is_4_members,is_3or2_members,age*class,quad_fare
1,0,0.24236252545824846,0,1,0,S,A/5,n,Mr,0,0,1,0.24236252545824846,52.5625
2,1,0.6296296296296297,1,2,3,C,rare,C,Mrs,0,0,1,1.2592592592592593,5081.30885889
3,1,0.24236252545824846,1,1,1,S,SOTON,n,Miss,1,0,0,0.24236252545824846,62.805625
4,1,0.6296296296296297,1,2,3,S,none,C,Mrs,0,0,1,1.2592592592592593,2819.61
5,0,0.24236252545824846,0,2,1,S,none,n,Mr,1,0,0,0.4847250509164969,64.80250000000001
6,0,0.24236252545824846,0,1,1,Q,none,n,Mr,1,0,0,0.24236252545824846,71.54283888999998
7,0,0.6296296296296297,0,3,3,S,none,E,Mr,1,0,0,1.8888888888888888,2689.7189062499997
8,0,0.24236252545824846,0,0,2,S,none,n,Master,0,0,0,0.0,444.155625
9,1,0.24236252545824846,1,1,1,S,none,n,Mrs,0,0,1,0.24236252545824846,123.95036889000001
10,1,0.47282608695652173,1,0,2,C,none,n,Mrs,0,0,1,0.0,904.25301264
11,1,0.24236252545824846,1,0,2,S,rare,G,Miss,0,0,1,0.0,278.89
12,1,0.6296296296296297,1,3,2,S,none,C,Miss,1,0,0,1.8888888888888888,704.9025
13,0,0.24236252545824846,0,1,1,S,A/5,n,Mr,1,0,0,0.24236252545824846,64.80250000000001
14,0,0.24236252545824846,0,2,3,S,none,n,Mr,0,0,0,0.4847250509164969,978.1256249999999
15,0,0.24236252545824846,1,0,0,S,none,n,Miss,1,0,0,0.0,61.688457639999996
16,1,0.47282608695652173,1,3,2,S,none,n,Mrs,1,0,0,1.4184782608695652,256.0
17,0,0.24236252545824846,0,0,2,Q,none,n,Master,0,0,0,0.0,848.265625
18,1,0.47282608695652173,0,1,1,S,none,n,Mr,1,0,0,0.47282608695652173,169.0
19,0,0.24236252545824846,1,1,2,S,none,n,Mrs,0,0,1,0.24236252545824846,324.0
20,1,0.24236252545824846,1,1,0,C,none,n,Mrs,1,0,0,0.24236252545824846,52.200624999999995
21,0,0.47282608695652173,0,2,2,S,none,n,Mr,1,0,0,0.9456521739130435,676.0
22,1,0.47282608695652173,0,2,1,S,none,D,Mr,1,0,0,0.9456521739130435,169.0
23,1,0.24236252545824846,1,0,1,Q,none,n,Miss,1,0,0,0.0,64.46805264
24,1,0.6296296296296297,0,1,3,S,none,A,Mr,1,0,0,0.6296296296296297,1260.25
25,0,0.24236252545824846,1,0,2,S,none,n,Miss,0,0,0,0.0,444.155625
26,1,0.24236252545824846,1,2,3,S,none,n,Mrs,0,0,0,0.4847250509164969,985.17515625
27,0,0.24236252545824846,0,1,0,C,none,n,Mr,1,0,0,0.24236252545824846,52.200624999999995
28,0,0.6296296296296297,0,1,3,S,none,C,Mr,0,0,0,0.6296296296296297,69169.0
29,1,0.24236252545824846,1,1,0,Q,none,n,Miss,1,0,0,0.24236252545824846,62.081792639999996
30,0,0.24236252545824846,0,1,0,S,none,n,Mr,1,0,0,0.24236252545824846,62.34365764
31,0,0.6296296296296297,0,2,2,C,rare,n,Mr,1,0,0,1.2592592592592593,768.44275264
32,1,0.6296296296296297,1,2,3,C,rare,B,Mrs,0,0,1,1.2592592592592593,21468.344832640003
33,1,0.24236252545824846,1,1,0,Q,none,n,Miss,1,0,0,0.24236252545824846,60.0625
34,0,0.47282608695652173,0,4,1,S,CA,n,Mr,1,0,0,1.891304347826087,110.25
35,0,0.6296296296296297,0,1,3,C,rare,n,Mr,0,0,1,0.6296296296296297,6752.04037264
36,0,0.6296296296296297,0,2,3,S,none,n,Mr,0,0,1,1.2592592592592593,2704.0
37,1,0.24236252545824846,0,1,0,C,none,n,Mr,1,0,0,0.24236252545824846,52.26133263999999
38,0,0.24236252545824846,0,1,1,S,A/5,n,Mr,1,0,0,0.24236252545824846,64.80250000000001
39,0,0.24236252545824846,1,1,2,S,none,n,Miss,0,0,1,0.24236252545824846,324.0
40,1,0.24236252545824846,1,0,1,C,none,n,Miss,0,0,1,0.0,126.37581888999999
41,0,0.24236252545824846,1,2,1,S,none,n,Mrs,0,0,1,0.4847250509164969,89.77562499999999
42,0,0.47282608695652173,1,1,2,S,none,n,Mrs,0,0,1,0.47282608695652173,441.0
43,0,0.24236252545824846,0,1,0,C,none,n,Mr,1,0,0,0.24236252545824846,62.34365764
44,1,0.47282608695652173,1,0,3,C,SC/PARIS,n,Miss,0,1,0,0.0,1728.82987264
45,1,0.24236252545824846,1,1,0,Q,none,n,Miss,1,0,0,0.24236252545824846,62.081792639999996
46,0,0.24236252545824846,0,1,1,S,rare,n,Mr,1,0,0,0.24236252545824846,64.80250000000001
47,0,0.24236252545824846,0,1,2,Q,none,n,Mr,0,0,1,0.24236252545824846,240.25
48,1,0.24236252545824846,1,1,0,Q,none,n,Miss,1,0,0,0.24236252545824846,60.0625
49,0,0.24236252545824846,0,1,2,C,none,n,Mr,0,0,1,0.24236252545824846,469.98771264000004
50,0,0.24236252545824846,1,1,2,S,none,n,Mrs,0,0,1,0.24236252545824846,316.84000000000003
51,0,0.24236252545824846,0,0,3,S,none,n,Master,0,0,0,0.0,1575.09765625
52,0,0.24236252545824846,0,1,0,S,A/5,n,Mr,1,0,0,0.24236252545824846,60.839999999999996
53,1,0.6296296296296297,1,3,3,C,rare,D,Mrs,0,0,1,1.8888888888888888,5887.3701326400005
54,1,0.47282608695652173,1,1,2,S,none,n,Mrs,0,0,1,0.47282608695652173,676.0
55,0,0.6296296296296297,0,4,3,C,none,B,Mr,0,0,1,2.5185185185185186,3841.4212326399997
56,1,0.6296296296296297,0,2,3,S,none,C,Mr,1,0,0,1.2592592592592593,1260.25
57,1,0.47282608695652173,1,1,1,S,CA,n,Miss,1,0,0,0.47282608695652173,110.25
58,0,0.24236252545824846,0,1,0,C,none,n,Mr,1,0,0,0.24236252545824846,52.26133263999999
59,1,0.47282608695652173,1,0,2,S,CA,n,Miss,0,1,0,0.0,770.0625
60,0,0.24236252545824846,0,0,3,S,CA,n,Master,0,0,0,0.0,2199.6099999999997
61,0,0.24236252545824846,0,1,0,C,none,n,Mr,1,0,0,0.24236252545824846,52.26133263999999
62,1,0.6296296296296297,1,2,3,S,none,B,Miss,1,0,0,1.2592592592592593,6400.0
63,0,0.6296296296296297,0,2,3,S,none,C,Mr,0,0,1,1.2592592592592593,6968.0756249999995
64,0,0.24236252545824846,0,0,2,S,none,n,Master,0,0,0,0.0,778.41
65,0,0.6296296296296297,0,2,2,C,rare,n,Mr,1,0,0,1.2592592592592593,768.44275264
66,1,0.24236252545824846,0,1,2,C,none,n,Master,0,0,1,0.24236252545824846,232.43441763999996
67,1,0.47282608695652173,1,1,1,S,CA,F,Mrs,1,0,0,0.47282608695652173,110.25
68,0,0.24236252545824846,0,1,1,S,rare,n,Mr,1,0,0,0.24236252545824846,66.55785889
69,1,0.24236252545824846,1,1,1,S,none,n,Miss,0,0,0,0.24236252545824846,62.805625
70,0,0.24236252545824846,0,1,1,S,none,n,Mr,0,0,1,0.24236252545824846,75.03890625
71,0,0.47282608695652173,0,1,1,S,CA,n,Mr,1,0,0,0.47282608695652173,110.25
72,0,0.24236252545824846,1,0,3,S,CA,n,Miss,0,0,0,0.0,2199.6099999999997
73,0,0.47282608695652173,0,1,3,S,rare,n,Mr,1,0,0,0.47282608695652173,5402.25
74,0,0.24236252545824846,0,1,2,C,none,n,Mr,0,0,1,0.24236252545824846,208.92389764
75,1,0.24236252545824846,0,1,3,S,none,n,Mr,1,0,0,0.24236252545824846,3191.7754176400003
76,0,0.24236252545824846,0,1,0,S,none,F,Mr,1,0,0,0.24236252545824846,58.52250000000001
77,0,0.24236252545824846,0,1,0,S,none,n,Mr,1,0,0,0.24236252545824846,62.34365764
78,0,0.24236252545824846,0,1,1,S,none,n,Mr,1,0,0,0.24236252545824846,64.80250000000001
79,1,0.47282608695652173,0,0,2,S,none,n,Master,0,0,1,0.0,841.0
80,1,0.24236252545824846,1,1,1,S,none,n,Miss,1,0,0,0.24236252545824846,155.62562499999999
81,0,0.24236252545824846,0,1,1,S,none,n,Mr,1,0,0,0.24236252545824846,81.0
82,1,0.24236252545824846,0,1,1,S,none,n,Mr,1,0,0,0.24236252545824846,90.25
83,1,0.24236252545824846,1,1,0,Q,none,n,Miss,1,0,0,0.24236252545824846,60.64515624999999
84,0,0.6296296296296297,0,1,3,S,none,n,Mr,1,0,0,0.6296296296296297,2218.4100000000003
85,1,0.47282608695652173,1,1,1,S,rare,n,Miss,1,0,0,0.47282608695652173,110.25
86,1,0.24236252545824846,1,2,2,S,none,n,Mrs,0,1,0,0.4847250509164969,251.2225
87,0,0.24236252545824846,0,0,3,S,W/C,n,Mr,0,0,0,0.0,1181.640625
88,0,0.24236252545824846,0,1,1,S,SOTON,n,Mr,1,0,0,0.24236252545824846,64.80250000000001
89,1,0.6296296296296297,1,1,3,S,none,C,Miss,0,0,0,0.6296296296296297,69169.0
90,0,0.24236252545824846,0,1,1,S,none,n,Mr,1,0,0,0.24236252545824846,64.80250000000001
91,0,0.24236252545824846,0,1,1,S,none,n,Mr,1,0,0,0.24236252545824846,64.80250000000001
92,0,0.24236252545824846,0,1,0,S,none,n,Mr,1,0,0,0.24236252545824846,61.688457639999996
93,0,0.6296296296296297,0,2,3,S,rare,E,Mr,0,0,1,1.2592592592592593,3742.380625
94,0,0.24236252545824846,0,1,2,S,CA,n,Mr,0,1,0,0.24236252545824846,423.330625
95,0,0.24236252545824846,0,3,0,S,none,n,Mr,1,0,0,0.7270875763747454,52.5625
96,0,0.24236252545824846,0,1,1,S,none,n,Mr,1,0,0,0.24236252545824846,64.80250000000001
97,0,0.6296296296296297,0,4,3,C,rare,A,Mr,1,0,0,2.5185185185185186,1200.9135776400003
98,1,0.6296296296296297,0,1,3,C,rare,D,Mr,0,0,1,0.6296296296296297,4014.27417889
99,1,0.47282608695652173,1,2,2,S,none,n,Mrs,0,0,1,0.9456521739130435,529.0
100,0,0.47282608695652173,0,2,2,S,none,n,Mr,0,0,1,0.9456521739130435,676.0
101,0,0.24236252545824846,1,1,0,S,none,n,Miss,1,0,0,0.24236252545824846,62.34365764
102,0,0.24236252545824846,0,1,0,S,none,n,Mr,1,0,0,0.24236252545824846,62.34365764
103,0,0.6296296296296297,0,1,3,S,none,D,Mr,0,0,1,0.6296296296296297,5973.357656249999
104,0,0.24236252545824846,0,2,1,S,none,n,Mr,1,0,0,0.4847250509164969,74.89517763999999
105,0,0.24236252545824846,0,2,1,S,none,n,Mr,0,0,1,0.4847250509164969,62.805625
106,0,0.24236252545824846,0,1,0,S,none,n,Mr,1,0,0,0.24236252545824846,62.34365764
107,1,0.24236252545824846,1,1,0,S,none,n,Miss,1,0,0,0.24236252545824846,58.52250000000001
108,1,0.24236252545824846,0,1,0,S,none,n,Mr,1,0,0,0.24236252545824846,60.450625
109,0,0.24236252545824846,0,2,0,S,none,n,Mr,1,0,0,0.4847250509164969,62.34365764
110,1,0.24236252545824846,1,1,2,Q,none,n,Miss,0,0,1,0.24236252545824846,583.2225
111,0,0.6296296296296297,0,2,3,S,none,C,Mr,1,0,0,1.2592592592592593,2704.0
112,0,0.24236252545824846,1,0,2,C,none,n,Miss,0,0,1,0.0,208.92389764
113,0,0.24236252545824846,0,1,1,S,none,n,Mr,1,0,0,0.24236252545824846,64.80250000000001
114,0,0.24236252545824846,1,1,1,S,none,n,Miss,0,0,1,0.24236252545824846,96.53062499999999
115,0,0.24236252545824846,1,1,2,C,none,n,Miss,1,0,0,0.24236252545824846,209.04243888999997
116,0,0.24236252545824846,0,1,1,S,SOTON,n,Mr,1,0,0,0.24236252545824846,62.805625
117,0,0.24236252545824846,0,4,0,Q,none,n,Mr,1,0,0,0.9694501018329938,60.0625
118,0,0.47282608695652173,0,1,2,S,none,n,Mr,0,0,1,0.47282608695652173,441.0
119,0,0.6296296296296297,0,1,3,C,rare,B,Mr,0,0,1,0.6296296296296297,61266.54643264
120,0,0.24236252545824846,1,0,3,S,none,n,Miss,0,0,0,0.0,978.1256249999999
121,0,0.47282608695652173,0,1,3,S,rare,n,Mr,0,0,1,0.47282608695652173,5402.25
122,0,0.24236252545824846,0,1,1,S,A/5,n,Mr,1,0,0,0.24236252545824846,64.80250000000001
123,0,0.47282608695652173,0,2,2,C,none,n,Mr,0,0,1,0.9456521739130435,904.25301264
124,1,0.47282608695652173,1,2,1,S,none,E,Miss,1,0,0,0.9456521739130435,169.0
125,0,0.6296296296296297,0,3,3,S,none,D,Mr,0,0,1,1.8888888888888888,5973.357656249999
126,1,0.24236252545824846,0,0,1,C,none,n,Master,0,0,1,0.0,126.37581888999999
127,0,0.24236252545824846,0,1,0,Q,none,n,Mr,1,0,0,0.24236252545824846,60.0625
128,1,0.24236252545824846,0,1,0,S,rare,n,Mr,1,0,0,0.24236252545824846,51.00387889
129,1,0.24236252545824846,1,1,2,C,none,F,Miss,0,0,1,0.24236252545824846,499.89357889
130,0,0.24236252545824846,0,2,0,S,none,n,Mr,1,0,0,0.4847250509164969,48.650625
131,0,0.24236252545824846,0,2,0,C,none,n,Mr,1,0,0,0.4847250509164969,62.34365764
132,0,0.24236252545824846,0,1,0,S,SOTON,n,Mr,1,0,0,0.24236252545824846,49.7025
133,0,0.24236252545824846,1,2,2,S,A/5,n,Mrs,0,0,1,0.4847250509164969,210.25
134,1,0.47282608695652173,1,1,2,S,none,n,Mrs,0,0,1,0.47282608695652173,676.0
135,0,0.47282608695652173,0,1,1,S,CA,n,Mr,1,0,0,0.47282608695652173,169.0
136,0,0.47282608695652173,0,1,2,C,SC/PARIS,n,Mr,1,0,0,0.47282608695652173,226.37609763999998
137,1,0.6296296296296297,1,1,2,S,none,D,Miss,0,0,1,0.6296296296296297,690.81185889
138,0,0.6296296296296297,0,2,3,S,none,C,Mr,0,0,1,1.2592592592592593,2819.61
139,0,0.24236252545824846,0,0,1,S,none,n,Mr,1,0,0,0.0,84.94755889
140,0,0.6296296296296297,0,1,3,C,rare,B,Mr,1,0,0,0.6296296296296297,6272.64
141,0,0.24236252545824846,1,1,2,C,none,n,Mrs,0,0,1,0.24236252545824846,232.43441763999996
142,1,0.24236252545824846,1,1,0,S,none,n,Miss,1,0,0,0.24236252545824846,60.0625
143,1,0.24236252545824846,1,1,2,S,SOTON,n,Mrs,0,0,1,0.24236252545824846,251.2225
144,0,0.24236252545824846,0,1,0,Q,none,n,Mr,1,0,0,0.24236252545824846,45.5625
145,0,0.47282608695652173,0,1,1,S,none,n,Mr,1,0,0,0.47282608695652173,132.25
146,0,0.47282608695652173,0,1,3,S,CA,n,Mr,0,0,1,0.47282608695652173,1350.5625
147,1,0.24236252545824846,0,1,0,S,none,n,Mr,1,0,0,0.24236252545824846,60.77449764
148,0,0.24236252545824846,1,0,3,S,W/C,n,Miss,0,0,0,0.0,1181.640625
149,0,0.47282608695652173,0,2,2,S,none,F,Mr,0,0,1,0.9456521739130435,676.0
150,0,0.47282608695652173,0,2,1,S,none,n,Mr,1,0,0,0.9456521739130435,169.0
151,0,0.47282608695652173,0,3,1,S,rare,n,Mr,1,0,0,1.4184782608695652,156.875625
152,1,0.6296296296296297,1,1,3,S,none,C,Mrs,0,0,1,0.6296296296296297,4435.5599999999995
153,0,0.24236252545824846,0,3,1,S,A/5,n,Mr,1,0,0,0.7270875763747454,64.80250000000001
154,0,0.24236252545824846,0,2,2,S,A/5,n,Mr,0,0,1,0.4847250509164969,210.25
155,0,0.24236252545824846,0,1,0,S,rare,n,Mr,1,0,0,0.24236252545824846,53.47265625
156,0,0.6296296296296297,0,3,3,C,rare,n,Mr,0,0,1,1.8888888888888888,3767.4061926399995
157,1,0.24236252545824846,1,0,0,Q,none,n,Miss,1,0,0,0.0,59.803928889999995
158,0,0.24236252545824846,0,1,1,S,SOTON,n,Mr,1,0,0,0.24236252545824846,64.80250000000001
159,0,0.24236252545824846,0,1,1,S,none,n,Mr,1,0,0,0.24236252545824846,75.03890625
160,0,0.24236252545824846,0,1,3,S,CA,n,Master,0,0,0,0.24236252545824846,4837.202499999999
161,0,0.24236252545824846,0,2,2,S,none,n,Mr,0,0,1,0.4847250509164969,259.21000000000004
162,1,0.47282608695652173,1,2,2,S,CA,n,Mrs,1,0,0,0.9456521739130435,248.0625
163,0,0.24236252545824846,0,1,0,S,none,n,Mr,1,0,0,0.24236252545824846,60.450625
164,0,0.24236252545824846,0,1,1,S,none,n,Mr,1,0,0,0.24236252545824846,75.03890625
165,0,0.24236252545824846,0,0,3,S,none,n,Master,0,0,0,0.0,1575.09765625
166,1,0.24236252545824846,0,0,2,S,none,n,Master,0,0,1,0.0,421.27562499999993
167,1,0.6296296296296297,1,2,3,S,none,E,Mrs,0,0,1,1.2592592592592593,3025.0
168,0,0.24236252545824846,1,2,2,S,none,n,Mrs,0,0,0,0.4847250509164969,778.41
169,0,0.6296296296296297,0,2,2,S,rare,n,Mr,1,0,0,1.2592592592592593,672.105625
170,0,0.24236252545824846,0,1,3,S,none,n,Mr,1,0,0,0.24236252545824846,3191.7754176400003
171,0,0.6296296296296297,0,3,3,S,none,B,Mr,1,0,0,1.8888888888888888,1122.25
172,0,0.24236252545824846,0,0,2,Q,none,n,Master,0,0,0,0.0,848.265625
173,1,0.24236252545824846,1,0,1,S,none,n,Miss,0,0,1,0.0,123.95036889000001
174,0,0.24236252545824846,0,1,1,S,SOTON,n,Mr,1,0,0,0.24236252545824846,62.805625
175,0,0.6296296296296297,0,3,2,C,none,A,Mr,1,0,0,1.8888888888888888,942.2321376399999
176,0,0.24236252545824846,0,1,0,S,none,n,Mr,0,0,1,0.24236252545824846,61.688457639999996
177,0,0.24236252545824846,0,1,2,S,none,n,Master,0,0,0,0.24236252545824846,648.5528088899999
178,0,0.6296296296296297,1,3,2,C,rare,C,Miss,1,0,0,1.8888888888888888,824.40765625
179,0,0.47282608695652173,0,1,1,S,none,n,Mr,1,0,0,0.47282608695652173,169.0
180,0,0.24236252545824846,0,2,0,S,none,n,Mr,1,0,0,0.4847250509164969,0.0
181,0,0.24236252545824846,1,1,3,S,CA,n,Miss,0,0,0,0.24236252545824846,4837.202499999999
182,0,0.47282608695652173,0,1,2,C,SC/PARIS,n,Mr,1,0,0,0.47282608695652173,226.50250000000003
183,0,0.24236252545824846,0,0,3,S,none,n,Master,0,0,0,0.0,985.17515625
184,1,0.47282608695652173,0,0,3,S,none,F,Master,0,1,0,0.0,1521.0
185,1,0.24236252545824846,1,0,2,S,none,n,Miss,0,0,1,0.0,485.1006249999999
186,0,0.6296296296296297,0,2,3,S,none,A,Mr,1,0,0,1.2592592592592593,2500.0
187,1,0.24236252545824846,1,1,2,Q,none,n,Mrs,0,0,1,0.24236252545824846,240.25
188,1,0.6296296296296297,0,2,2,S,none,n,Mr,1,0,0,1.2592592592592593,704.9025
189,0,0.24236252545824846,0,2,2,Q,none,n,Mr,0,0,1,0.4847250509164969,240.25
190,0,0.24236252545824846,0,2,0,S,none,n,Mr,1,0,0,0.4847250509164969,62.34365764
191,1,0.47282608695652173,1,1,1,S,none,n,Mrs,1,0,0,0.47282608695652173,169.0
192,0,0.47282608695652173,0,1,1,S,none,n,Mr,1,0,0,0.47282608695652173,169.0
193,1,0.24236252545824846,1,1,0,S,none,n,Miss,0,0,1,0.24236252545824846,61.688457639999996
194,1,0.47282608695652173,0,0,2,S,none,F,Master,0,0,1,0.0,676.0
195,1,0.6296296296296297,1,2,2,C,rare,B,Mrs,1,0,0,1.2592592592592593,768.44275264
196,1,0.6296296296296297,1,3,3,C,rare,B,Miss,1,0,0,1.8888888888888888,21468.344832640003
197,0,0.24236252545824846,0,1,0,Q,none,n,Mr,1,0,0,0.24236252545824846,60.0625
198,0,0.24236252545824846,0,2,1,S,none,n,Mr,0,0,1,0.4847250509164969,70.63057763999998
199,1,0.24236252545824846,1,1,0,Q,none,n,Miss,1,0,0,0.24236252545824846,60.0625
200,0,0.47282608695652173,1,1,1,S,none,n,Miss,1,0,0,0.47282608695652173,169.0
201,0,0.24236252545824846,0,1,1,S,none,n,Mr,1,0,0,0.24236252545824846,90.25
202,0,0.24236252545824846,0,1,3,S,CA,n,Mr,0,0,0,0.24236252545824846,4837.202499999999
203,0,0.24236252545824846,0,2,0,S,none,n,Mr,1,0,0,0.4847250509164969,42.19541764
204,0,0.24236252545824846,0,2,0,C,none,n,Mr,1,0,0,0.4847250509164969,52.200624999999995
205,1,0.24236252545824846,0,1,1,S,A/5,n,Mr,1,0,0,0.24236252545824846,64.80250000000001
206,0,0.24236252545824846,1,0,1,S,none,G,Miss,0,0,1,0.0,109.46390625000001
207,0,0.24236252545824846,0,1,2,S,none,n,Mr,0,0,1,0.24236252545824846,251.2225
208,1,0.24236252545824846,0,1,2,C,none,n,Mr,1,0,0,0.24236252545824846,352.97015625000006
209,1,0.24236252545824846,1,0,0,Q,none,n,Miss,1,0,0,0.0,60.0625
210,1,0.6296296296296297,0,2,2,C,none,A,Mr,1,0,0,1.2592592592592593,961.0
211,0,0.24236252545824846,0,1,0,S,SOTON,n,Mr,1,0,0,0.24236252545824846,49.7025
212,1,0.47282608695652173,1,2,2,S,rare,n,Miss,1,0,0,0.9456521739130435,441.0
213,0,0.24236252545824846,0,1,0,S,A/5,n,Mr,1,0,0,0.24236252545824846,52.5625
214,0,0.47282608695652173,0,1,1,S,none,n,Mr,1,0,0,0.47282608695652173,169.0
215,0,0.24236252545824846,0,1,0,Q,none,n,Mr,0,0,1,0.24236252545824846,60.0625
216,1,0.6296296296296297,1,1,3,C,none,D,Miss,0,0,1,0.6296296296296297,12831.225625000001
217,1,0.24236252545824846,1,1,1,S,SOTON,n,Miss,1,0,0,0.24236252545824846,62.805625
218,0,0.47282608695652173,0,2,2,S,none,n,Mr,0,0,1,0.9456521739130435,729.0
219,1,0.6296296296296297,1,1,3,C,none,D,Miss,1,0,0,0.6296296296296297,5820.423488890001
220,0,0.47282608695652173,0,1,1,S,W/C,n,Mr,1,0,0,0.47282608695652173,110.25
221,1,0.24236252545824846,0,0,1,S,SOTON,n,Mr,1,0,0,0.0,64.80250000000001
222,0,0.47282608695652173,0,1,1,S,none,n,Mr,1,0,0,0.47282608695652173,169.0
223,0,0.24236252545824846,0,3,1,S,none,n,Mr,1,0,0,0.7270875763747454,64.80250000000001
224,0,0.24236252545824846,0,1,0,S,none,n,Mr,1,0,0,0.24236252545824846,62.34365764
225,1,0.6296296296296297,0,2,3,S,none,C,Mr,0,0,1,1.2592592592592593,8100.0
226,0,0.24236252545824846,0,1,1,S,rare,n,Mr,1,0,0,0.24236252545824846,87.4225
227,1,0.47282608695652173,0,1,1,S,rare,n,Mr,1,0,0,0.47282608695652173,110.25
228,0,0.24236252545824846,0,1,0,S,A/5,n,Mr,1,0,0,0.24236252545824846,52.5625
229,0,0.47282608695652173,0,1,1,S,none,n,Mr,1,0,0,0.47282608695652173,169.0
230,0,0.24236252545824846,1,1,2,S,none,n,Miss,0,0,0,0.24236252545824846,648.5528088899999
231,1,0.6296296296296297,1,2,3,S,none,C,Mrs,0,0,1,1.2592592592592593,6968.0756249999995
232,0,0.24236252545824846,0,1,0,S,none,n,Mr,1,0,0,0.24236252545824846,60.450625
233,0,0.47282608695652173,0,3,1,S,none,n,Mr,1,0,0,1.4184782608695652,182.25
234,1,0.24236252545824846,1,0,3,S,none,n,Miss,0,0,0,0.0,985.17515625
235,0,0.47282608695652173,0,1,1,S,CA,n,Mr,1,0,0,0.47282608695652173,110.25
236,0,0.24236252545824846,1,1,0,S,W/C,n,Miss,1,0,0,0.24236252545824846,57.0025
237,0,0.47282608695652173,0,2,2,S,none,n,Mr,0,0,1,0.9456521739130435,676.0
238,1,0.47282608695652173,1,0,2,S,CA,n,Miss,0,0,1,0.0,689.0625
239,0,0.47282608695652173,0,1,1,S,none,n,Mr,1,0,0,0.47282608695652173,110.25
240,0,0.47282608695652173,0,2,1,S,rare,n,Mr,1,0,0,0.9456521739130435,150.675625
241,0,0.24236252545824846,1,1,2,C,none,n,Miss,0,0,1,0.24236252545824846,208.92389764
242,1,0.24236252545824846,1,1,2,Q,none,n,Miss,0,0,1,0.24236252545824846,240.25
243,0,0.47282608695652173,0,1,1,S,W/C,n,Mr,1,0,0,0.47282608695652173,110.25
244,0,0.24236252545824846,0,1,0,S,SOTON,n,Mr,1,0,0,0.24236252545824846,50.765625
245,0,0.24236252545824846,0,1,0,C,none,n,Mr,1,0,0,0.24236252545824846,52.200624999999995
246,0,0.6296296296296297,0,2,3,Q,none,C,Mr,0,0,1,1.2592592592592593,8100.0
247,0,0.24236252545824846,1,1,0,S,none,n,Miss,1,0,0,0.24236252545824846,60.450625
248,1,0.47282608695652173,1,1,2,S,none,n,Mrs,0,0,1,0.47282608695652173,210.25
249,1,0.6296296296296297,0,2,3,S,none,D,Mr,0,0,1,1.2592592592592593,2761.94393764
250,0,0.47282608695652173,0,3,2,S,none,n,Mr,0,0,1,1.4184782608695652,676.0
251,0,0.24236252545824846,0,1,0,S,none,n,Mr,1,0,0,0.24236252545824846,52.5625
252,0,0.24236252545824846,1,1,1,S,none,G,Mrs,0,0,1,0.24236252545824846,109.46390625000001
253,0,0.6296296296296297,0,3,2,S,none,C,Mr,1,0,0,1.8888888888888888,704.9025
254,0,0.24236252545824846,0,1,2,S,A/5,n,Mr,0,0,1,0.24236252545824846,259.21000000000004
255,0,0.24236252545824846,1,2,2,S,none,n,Mrs,0,0,1,0.4847250509164969,408.54515624999993
256,1,0.24236252545824846,1,1,2,C,none,n,Mrs,0,0,1,0.24236252545824846,232.43441763999996
257,1,0.6296296296296297,1,2,3,C,rare,n,Mrs,1,0,0,1.2592592592592593,6272.64
258,1,0.6296296296296297,1,1,3,S,none,B,Miss,1,0,0,0.6296296296296297,7482.25
259,1,0.6296296296296297,1,2,3,C,rare,n,Miss,1,0,0,1.2592592592592593,262481.20917264
260,1,0.47282608695652173,1,3,2,S,none,n,Mrs,0,0,1,1.4184782608695652,676.0
261,0,0.24236252545824846,0,1,0,Q,none,n,Mr,1,0,0,0.24236252545824846,60.0625
262,1,0.24236252545824846,0,0,3,S,none,n,Master,0,0,0,0.0,985.17515625
263,0,0.6296296296296297,0,3,3,S,none,E,Mr,0,0,1,1.8888888888888888,6344.122500000001
264,0,0.6296296296296297,0,2,0,S,none,B,Mr,1,0,0,1.2592592592592593,0.0
265,0,0.24236252545824846,1,1,0,Q,none,n,Miss,1,0,0,0.24236252545824846,60.0625
266,0,0.47282608695652173,0,2,1,S,CA,n,Mr,1,0,0,0.9456521739130435,110.25
267,0,0.24236252545824846,0,0,3,S,none,n,Mr,0,0,0,0.0,1575.09765625
268,1,0.24236252545824846,0,1,0,S,none,n,Mr,0,0,1,0.24236252545824846,60.450625
269,1,0.6296296296296297,1,3,3,S,rare,C,Mrs,0,0,1,1.8888888888888888,23550.73890625
270,1,0.6296296296296297,1,2,3,S,rare,C,Miss,1,0,0,1.2592592592592593,18396.392068889996
271,0,0.6296296296296297,0,2,2,S,none,n,Mr,1,0,0,1.2592592592592593,961.0
272,1,0.24236252545824846,0,1,0,S,none,n,Mr,1,0,0,0.24236252545824846,0.0
273,1,0.47282608695652173,1,2,2,S,none,n,Mrs,0,0,1,0.9456521739130435,380.25
274,0,0.6296296296296297,0,2,2,C,rare,C,Mr,0,0,1,1.2592592592592593,882.0899999999999
275,1,0.24236252545824846,1,1,0,Q,none,n,Miss,1,0,0,0.24236252545824846,60.0625
276,1,0.6296296296296297,1,3,3,S,none,D,Miss,0,0,1,1.8888888888888888,6077.496538889999
277,0,0.24236252545824846,1,2,0,S,none,n,Miss,1,0,0,0.4847250509164969,60.0625
278,0,0.47282608695652173,0,1,0,S,none,n,Mr,1,0,0,0.47282608695652173,0.0
279,0,0.24236252545824846,0,0,2,Q,none,n,Master,0,0,0,0.0,848.265625
280,1,0.24236252545824846,1,2,2,S,CA,n,Mrs,0,0,1,0.4847250509164969,410.0625
281,0,0.24236252545824846,0,4,0,Q,none,n,Mr,1,0,0,0.9694501018329938,60.0625
282,0,0.24236252545824846,0,1,0,S,none,n,Mr,1,0,0,0.24236252545824846,61.688457639999996
283,0,0.24236252545824846,0,0,1,S,none,n,Mr,1,0,0,0.0,90.25
284,1,0.24236252545824846,0,1,1,S,A/5,n,Mr,1,0,0,0.24236252545824846,64.80250000000001
285,0,0.6296296296296297,0,2,2,S,none,A,Mr,1,0,0,1.2592592592592593,676.0
286,0,0.24236252545824846,0,2,1,C,none,n,Mr,1,0,0,0.4847250509164969,75.03890625
287,1,0.24236252545824846,0,1,1,S,none,n,Mr,1,0,0,0.24236252545824846,90.25
288,0,0.24236252545824846,0,1,0,S,none,n,Mr,1,0,0,0.24236252545824846,62.34365764
289,1,0.47282608695652173,0,2,1,S,none,n,Mr,1,0,0,0.9456521739130435,169.0
290,1,0.24236252545824846,1,1,0,Q,none,n,Miss,1,0,0,0.24236252545824846,60.0625
291,1,0.6296296296296297,1,1,3,S,none,n,Miss,1,0,0,0.6296296296296297,6217.322499999999
292,1,0.6296296296296297,1,1,3,C,none,B,Mrs,0,0,1,0.6296296296296297,8295.42067264
293,0,0.47282608695652173,0,2,1,C,SC/PARIS,D,Mr,1,0,0,0.9456521739130435,165.765625
294,0,0.24236252545824846,1,1,1,S,none,n,Miss,1,0,0,0.24236252545824846,78.32249999999999
295,0,0.24236252545824846,0,1,0,S,none,n,Mr,1,0,0,0.24236252545824846,62.34365764
296,0,0.6296296296296297,0,2,2,C,rare,n,Mr,1,0,0,1.2592592592592593,768.44275264
297,0,0.24236252545824846,0,1,0,C,none,n,Mr,1,0,0,0.24236252545824846,52.26133263999999
298,0,0.6296296296296297,1,0,3,S,none,C,Miss,0,1,0,0.0,22967.402500000004
299,1,0.6296296296296297,0,2,2,S,none,C,Mr,1,0,0,1.2592592592592593,930.25
300,1,0.6296296296296297,1,3,3,C,rare,B,Mrs,0,0,1,1.8888888888888888,61266.54643264
301,1,0.24236252545824846,1,1,0,Q,none,n,Miss,1,0,0,0.24236252545824846,60.0625
302,1,0.24236252545824846,0,1,2,Q,none,n,Mr,0,0,1,0.24236252545824846,540.5625
303,0,0.24236252545824846,0,1,0,S,none,n,Mr,1,0,0,0.24236252545824846,0.0
304,1,0.47282608695652173,1,1,1,Q,none,E,Miss,1,0,0,0.47282608695652173,152.52249999999998
305,0,0.24236252545824846,0,1,1,S,A/5,n,Mr,1,0,0,0.24236252545824846,64.80250000000001
306,1,0.6296296296296297,0,0,3,S,none,C,Master,0,1,0,0.0,22967.402500000004
307,1,0.6296296296296297,1,2,3,C,none,n,Miss,1,0,0,1.2592592592592593,12295.106218890001
308,1,0.6296296296296297,1,1,3,C,rare,C,Mrs,0,0,1,0.6296296296296297,11859.210000000001
309,0,0.47282608695652173,0,1,2,C,rare,n,Mr,0,0,1,0.47282608695652173,576.0
310,1,0.6296296296296297,1,1,3,C,rare,E,Miss,1,0,0,0.6296296296296297,3240.9338126400003
311,1,0.6296296296296297,1,1,3,C,none,C,Miss,1,0,0,0.6296296296296297,6915.30285889
312,1,0.6296296296296297,1,1,3,C,rare,B,Miss,0,0,0,0.6296296296296297,68840.640625
313,0,0.47282608695652173,1,1,2,S,none,n,Mrs,0,0,1,0.47282608695652173,676.0
314,0,0.24236252545824846,0,1,0,S,none,n,Mr,1,0,0,0.24236252545824846,62.34365764
315,0,0.47282608695652173,0,2,2,S,rare,n,Mr,0,0,1,0.9456521739130435,689.0625
316,1,0.24236252545824846,1,1,0,S,none,n,Miss,1,0,0,0.24236252545824846,61.688457639999996
317,1,0.47282608695652173,1,1,2,S,none,n,Mrs,0,0,1,0.47282608695652173,676.0
318,0,0.47282608695652173,0,3,1,S,none,n,Mr,1,0,0,1.4184782608695652,196.0
319,1,0.6296296296296297,1,1,3,S,none,C,Miss,0,0,1,0.6296296296296297,27181.028768890003
320,1,0.6296296296296297,1,2,3,C,none,E,Mrs,0,0,1,1.2592592592592593,18090.25
321,0,0.24236252545824846,0,1,0,S,A/5,n,Mr,1,0,0,0.24236252545824846,52.5625
322,0,0.24236252545824846,0,1,0,S,none,n,Mr,1,0,0,0.24236252545824846,62.34365764
323,1,0.47282608695652173,1,1,1,Q,none,n,Miss,1,0,0,0.47282608695652173,152.52249999999998
324,1,0.47282608695652173,1,1,2,S,none,n,Mrs,0,0,1,0.47282608695652173,841.0
325,0,0.24236252545824846,0,1,3,S,CA,n,Mr,0,0,0,0.24236252545824846,4837.202499999999
326,1,0.6296296296296297,1,2,3,C,rare,C,Miss,1,0,0,1.2592592592592593,18396.392068889996
327,0,0.24236252545824846,0,3,0,S,none,n,Mr,1,0,0,0.7270875763747454,38.906406249999996
328,1,0.47282608695652173,1,2,1,S,none,D,Mrs,1,0,0,0.9456521739130435,169.0
329,1,0.24236252545824846,1,1,2,S,none,n,Mrs,0,0,1,0.24236252545824846,421.27562499999993
330,1,0.6296296296296297,1,0,3,C,none,B,Miss,0,0,1,0.0,3361.58763264
331,1,0.24236252545824846,1,1,2,Q,none,n,Miss,0,0,1,0.24236252545824846,540.5625
332,0,0.6296296296296297,0,2,2,S,none,C,Mr,1,0,0,1.2592592592592593,812.25
333,0,0.6296296296296297,0,2,3,S,rare,C,Mr,0,0,1,1.2592592592592593,23550.73890625
334,0,0.24236252545824846,0,0,2,S,none,n,Mr,0,0,1,0.0,324.0
335,1,0.6296296296296297,1,2,3,S,rare,n,Mrs,0,0,1,1.2592592592592593,17862.322500000002
336,0,0.24236252545824846,0,1,0,S,none,n,Mr,1,0,0,0.24236252545824846,62.34365764
337,0,0.6296296296296297,0,1,3,S,none,C,Mr,0,0,1,0.6296296296296297,4435.5599999999995
338,1,0.6296296296296297,1,2,3,C,none,E,Miss,1,0,0,1.2592592592592593,18090.25
339,1,0.24236252545824846,0,2,1,S,none,n,Mr,1,0,0,0.4847250509164969,64.80250000000001
340,0,0.6296296296296297,0,2,3,S,none,n,Mr,1,0,0,1.2592592592592593,1260.25
341,1,0.47282608695652173,0,0,2,S,none,F,Master,0,0,1,0.0,676.0
342,1,0.6296296296296297,1,1,3,S,none,C,Miss,0,0,0,0.6296296296296297,69169.0
343,0,0.47282608695652173,0,1,1,S,none,n,Mr,1,0,0,0.47282608695652173,169.0
344,0,0.47282608695652173,0,1,1,S,none,n,Mr,1,0,0,0.47282608695652173,169.0
345,0,0.47282608695652173,0,2,1,S,none,n,Mr,1,0,0,0.9456521739130435,169.0
346,1,0.47282608695652173,1,1,1,S,none,F,Miss,1,0,0,0.47282608695652173,169.0
347,1,0.47282608695652173,1,2,1,S,none,n,Miss,1,0,0,0.9456521739130435,169.0
348,1,0.24236252545824846,1,1,2,S,none,n,Mrs,0,0,1,0.24236252545824846,259.21000000000004
349,1,0.24236252545824846,0,0,2,S,CA,n,Master,0,0,1,0.0,252.81
350,0,0.24236252545824846,0,2,1,S,none,n,Mr,1,0,0,0.4847250509164969,75.03890625
351,0,0.24236252545824846,0,1,1,S,none,n,Mr,1,0,0,0.24236252545824846,85.100625
352,0,0.6296296296296297,0,2,3,S,none,C,Mr,1,0,0,1.2592592592592593,1225.0
353,0,0.24236252545824846,0,0,0,C,none,n,Mr,0,0,1,0.0,52.26133263999999
354,0,0.24236252545824846,0,1,2,S,none,n,Mr,0,0,1,0.24236252545824846,316.84000000000003
355,0,0.24236252545824846,0,1,0,C,none,n,Mr,1,0,0,0.24236252545824846,52.200624999999995
356,0,0.24236252545824846,0,1,1,S,none,n,Mr,1,0,0,0.24236252545824846,90.25
357,1,0.6296296296296297,1,1,3,S,none,E,Miss,0,0,1,0.6296296296296297,3025.0
358,0,0.47282608695652173,1,2,1,S,none,n,Miss,1,0,0,0.9456521739130435,169.0
359,1,0.24236252545824846,1,1,0,Q,none,n,Miss,1,0,0,0.24236252545824846,62.081792639999996
360,1,0.24236252545824846,1,1,0,Q,none,n,Miss,1,0,0,0.24236252545824846,62.081792639999996
361,0,0.24236252545824846,0,2,2,S,none,n,Mr,0,0,0,0.4847250509164969,778.41
362,0,0.47282608695652173,0,1,2,C,SC/PARIS,n,Mr,0,0,1,0.47282608695652173,768.44275264
363,0,0.24236252545824846,1,2,2,C,none,n,Mrs,0,0,1,0.4847250509164969,208.92389764
364,0,0.24236252545824846,0,2,0,S,SOTON,n,Mr,1,0,0,0.4847250509164969,49.7025
365,0,0.24236252545824846,0,1,2,Q,none,n,Mr,0,0,1,0.24236252545824846,240.25
366,0,0.24236252545824846,0,1,0,S,rare,n,Mr,1,0,0,0.24236252545824846,52.5625
367,1,0.6296296296296297,1,3,3,C,none,D,Mrs,0,0,1,1.8888888888888888,5662.5625
368,1,0.24236252545824846,1,1,0,C,none,n,Mrs,1,0,0,0.24236252545824846,52.26133263999999
369,1,0.24236252545824846,1,1,0,Q,none,n,Miss,1,0,0,0.24236252545824846,60.0625
370,1,0.6296296296296297,1,1,3,C,rare,B,Mrs,1,0,0,0.6296296296296297,4802.49
371,1,0.6296296296296297,0,1,3,C,none,E,Mr,0,0,1,0.6296296296296297,3073.78209889
372,0,0.24236252545824846,0,1,0,S,none,n,Mr,0,0,1,0.24236252545824846,42.19541764
373,0,0.24236252545824846,0,1,1,S,none,n,Mr,1,0,0,0.24236252545824846,64.80250000000001
374,0,0.6296296296296297,0,1,3,C,rare,n,Mr,1,0,0,0.6296296296296297,18396.392068889996
375,0,0.24236252545824846,1,0,2,S,none,n,Miss,0,0,0,0.0,444.155625
376,1,0.6296296296296297,1,2,3,C,rare,n,Mrs,0,0,1,1.2592592592592593,6752.04037264
377,1,0.24236252545824846,1,1,0,S,rare,n,Miss,1,0,0,0.24236252545824846,52.5625
378,0,0.6296296296296297,0,1,3,C,none,C,Mr,0,0,1,0.6296296296296297,44732.25
379,0,0.24236252545824846,0,1,0,C,none,n,Mr,1,0,0,0.24236252545824846,16.10015625
380,0,0.24236252545824846,0,1,0,S,none,n,Mr,1,0,0,0.24236252545824846,60.450625
381,1,0.6296296296296297,1,2,3,C,rare,n,Miss,1,0,0,1.2592592592592593,51767.625625
382,1,0.24236252545824846,1,0,2,C,none,n,Miss,0,0,1,0.0,247.80111889
383,0,0.24236252545824846,0,1,1,S,SOTON,n,Mr,1,0,0,0.24236252545824846,62.805625
384,1,0.6296296296296297,1,2,3,S,none,n,Mrs,0,0,1,1.2592592592592593,2704.0
385,0,0.24236252545824846,0,1,0,S,none,n,Mr,1,0,0,0.24236252545824846,62.34365764
386,0,0.47282608695652173,0,1,3,S,rare,n,Mr,1,0,0,0.47282608695652173,5402.25
387,0,0.24236252545824846,0,0,3,S,CA,n,Master,0,0,0,0.0,2199.6099999999997
388,1,0.47282608695652173,1,2,1,S,none,n,Miss,1,0,0,0.9456521739130435,169.0
389,0,0.24236252545824846,0,1,0,Q,none,n,Mr,1,0,0,0.24236252545824846,59.74053263999999
390,1,0.47282608695652173,1,1,1,C,SC/PARIS,n,Miss,1,0,0,0.47282608695652173,144.0
391,1,0.6296296296296297,0,2,3,S,none,B,Mr,0,1,0,1.2592592592592593,14400.0
392,1,0.24236252545824846,0,1,0,S,none,n,Mr,1,0,0,0.24236252545824846,60.77449764
393,0,0.24236252545824846,0,1,1,S,none,n,Mr,0,0,1,0.24236252545824846,62.805625
394,1,0.6296296296296297,1,1,3,C,none,D,Miss,0,0,1,0.6296296296296297,12831.225625000001
395,1,0.24236252545824846,1,1,2,S,rare,G,Mrs,0,0,1,0.24236252545824846,278.89
396,0,0.24236252545824846,0,1,0,S,none,n,Mr,1,0,0,0.24236252545824846,60.77449764
397,0,0.24236252545824846,1,1,0,S,none,n,Miss,1,0,0,0.24236252545824846,61.688457639999996
398,0,0.47282608695652173,0,2,2,S,none,n,Mr,1,0,0,0.9456521739130435,676.0
399,0,0.47282608695652173,0,1,1,S,none,n,Mr,1,0,0,0.47282608695652173,110.25
400,1,0.47282608695652173,1,1,1,S,none,n,Mrs,1,0,0,0.47282608695652173,160.0225
401,1,0.24236252545824846,0,2,1,S,SOTON,n,Mr,1,0,0,0.4847250509164969,62.805625
402,0,0.24236252545824846,0,1,1,S,none,n,Mr,1,0,0,0.24236252545824846,64.80250000000001
403,0,0.24236252545824846,1,1,1,S,none,n,Miss,0,0,1,0.24236252545824846,96.53062499999999
404,0,0.24236252545824846,0,1,2,S,SOTON,n,Mr,0,0,1,0.24236252545824846,251.2225
405,0,0.24236252545824846,1,1,1,S,none,n,Miss,1,0,0,0.24236252545824846,75.03890625
406,0,0.47282608695652173,0,2,2,S,none,n,Mr,0,0,1,0.9456521739130435,441.0
407,0,0.24236252545824846,0,3,0,S,none,n,Mr,1,0,0,0.7270875763747454,60.0625
408,1,0.47282608695652173,0,0,2,S,none,n,Master,0,0,1,0.0,351.5625
409,0,0.24236252545824846,0,1,0,S,none,n,Mr,1,0,0,0.24236252545824846,60.450625
410,0,0.24236252545824846,1,1,2,S,none,n,Miss,0,0,0,0.24236252545824846,648.5528088899999
411,0,0.24236252545824846,0,1,0,S,none,n,Mr,1,0,0,0.24236252545824846,62.34365764
412,0,0.24236252545824846,0,1,0,Q,none,n,Mr,1,0,0,0.24236252545824846,47.03627889
413,1,0.6296296296296297,1,2,3,Q,none,C,Miss,0,0,1,1.2592592592592593,8100.0
414,0,0.47282608695652173,0,1,0,S,none,n,Mr,1,0,0,0.47282608695652173,0.0
415,1,0.24236252545824846,0,2,1,S,SOTON,n,Mr,1,0,0,0.4847250509164969,62.805625
416,0,0.24236252545824846,1,1,1,S,none,n,Mrs,1,0,0,0.24236252545824846,64.80250000000001
417,1,0.47282608695652173,1,2,3,S,none,n,Mrs,0,0,1,0.9456521739130435,1056.25
418,1,0.47282608695652173,1,1,1,S,none,n,Miss,0,0,1,0.47282608695652173,169.0
419,0,0.47282608695652173,0,1,1,S,none,n,Mr,1,0,0,0.47282608695652173,169.0
420,0,0.24236252545824846,1,0,2,S,none,n,Miss,0,0,1,0.0,583.2225
421,0,0.24236252545824846,0,1,0,C,none,n,Mr,1,0,0,0.24236252545824846,62.34365764
422,0,0.24236252545824846,0,1,0,Q,A/5,n,Mr,1,0,0,0.24236252545824846,59.803928889999995
423,0,0.24236252545824846,0,1,0,S,none,n,Mr,1,0,0,0.24236252545824846,62.015625
424,0,0.24236252545824846,1,1,1,S,none,n,Mrs,0,0,1,0.24236252545824846,207.36
425,0,0.24236252545824846,0,1,2,S,none,n,Mr,0,0,1,0.24236252545824846,408.54515624999993
426,0,0.24236252545824846,0,1,0,S,A/5,n,Mr,1,0,0,0.24236252545824846,52.5625
427,1,0.47282608695652173,1,1,2,S,none,n,Mrs,0,0,1,0.47282608695652173,676.0
428,1,0.47282608695652173,1,1,2,S,none,n,Miss,1,0,0,0.47282608695652173,676.0
429,0,0.24236252545824846,0,1,0,Q,none,n,Mr,1,0,0,0.24236252545824846,60.0625
430,1,0.24236252545824846,0,1,1,S,SOTON,E,Mr,1,0,0,0.24236252545824846,64.80250000000001
431,1,0.6296296296296297,0,1,2,S,none,C,Mr,1,0,0,0.6296296296296297,704.9025
432,1,0.24236252545824846,1,1,2,S,none,n,Mrs,0,0,1,0.24236252545824846,259.21000000000004
433,1,0.47282608695652173,1,2,2,S,SC/PARIS,n,Mrs,0,0,1,0.9456521739130435,676.0
434,0,0.24236252545824846,0,1,0,S,SOTON,n,Mr,1,0,0,0.24236252545824846,50.765625
435,0,0.6296296296296297,0,3,3,S,none,E,Mr,0,0,1,1.8888888888888888,3124.81
436,1,0.6296296296296297,1,0,3,S,none,B,Miss,0,1,0,0.0,14400.0
437,0,0.24236252545824846,1,1,3,S,W/C,n,Miss,0,0,0,0.24236252545824846,1181.640625
438,1,0.47282608695652173,1,1,2,S,none,n,Mrs,0,0,0,0.47282608695652173,351.5625
439,0,0.6296296296296297,0,3,3,S,none,C,Mr,0,0,0,1.8888888888888888,69169.0
440,0,0.47282608695652173,0,1,1,S,CA,n,Mr,1,0,0,0.47282608695652173,110.25
441,1,0.47282608695652173,1,2,2,S,rare,n,Mrs,0,0,1,0.9456521739130435,689.0625
442,0,0.24236252545824846,0,1,1,S,none,n,Mr,1,0,0,0.24236252545824846,90.25
443,0,0.24236252545824846,0,1,0,S,none,n,Mr,0,0,1,0.24236252545824846,60.450625
444,1,0.47282608695652173,1,1,1,S,none,n,Mrs,1,0,0,0.47282608695652173,169.0
445,1,0.24236252545824846,0,1,1,S,none,n,Mr,1,0,0,0.24236252545824846,65.81265625000002
446,1,0.6296296296296297,0,0,3,S,none,A,Master,0,0,1,0.0,6700.78127889
447,1,0.47282608695652173,1,0,2,S,none,n,Miss,0,0,1,0.0,380.25
448,1,0.6296296296296297,0,2,2,S,none,n,Mr,1,0,0,1.2592592592592593,704.9025
449,1,0.24236252545824846,1,0,2,C,none,n,Miss,0,1,0,0.0,370.88211888999996
450,1,0.6296296296296297,0,3,2,S,none,C,Mr,1,0,0,1.8888888888888888,930.25
451,0,0.47282608695652173,0,2,2,S,CA,n,Mr,0,1,0,0.9456521739130435,770.0625
452,0,0.24236252545824846,0,1,2,S,none,n,Mr,0,0,1,0.24236252545824846,398.66910888999996
453,0,0.6296296296296297,0,1,2,C,none,C,Mr,1,0,0,0.6296296296296297,770.0625
454,1,0.6296296296296297,0,3,3,C,none,C,Mr,0,0,1,1.8888888888888888,7939.558457640001
455,0,0.24236252545824846,0,1,1,S,A/5,n,Mr,1,0,0,0.24236252545824846,64.80250000000001
456,1,0.24236252545824846,0,1,0,C,none,n,Mr,1,0,0,0.24236252545824846,62.34365764
457,0,0.6296296296296297,0,4,2,S,none,E,Mr,1,0,0,2.5185185185185186,704.9025
458,1,0.6296296296296297,1,2,3,S,none,D,Mrs,0,0,1,1.2592592592592593,2689.7189062499997
459,1,0.47282608695652173,1,3,1,S,rare,n,Miss,1,0,0,1.4184782608695652,110.25
460,0,0.24236252545824846,0,1,0,Q,none,n,Mr,1,0,0,0.24236252545824846,60.0625
461,1,0.6296296296296297,0,2,2,S,none,E,Mr,1,0,0,1.2592592592592593,704.9025
462,0,0.24236252545824846,0,2,1,S,none,n,Mr,1,0,0,0.4847250509164969,64.80250000000001
463,0,0.6296296296296297,0,2,3,S,none,E,Mr,1,0,0,1.2592592592592593,1482.25
464,0,0.47282608695652173,0,2,1,S,none,n,Mr,1,0,0,0.9456521739130435,169.0
465,0,0.24236252545824846,0,1,1,S,rare,n,Mr,1,0,0,0.24236252545824846,64.80250000000001
466,0,0.24236252545824846,0,2,0,S,SOTON,n,Mr,1,0,0,0.4847250509164969,49.7025
467,0,0.47282608695652173,0,1,0,S,none,n,Mr,1,0,0,0.47282608695652173,0.0
468,0,0.6296296296296297,0,3,2,S,none,n,Mr,1,0,0,1.8888888888888888,704.9025
469,0,0.24236252545824846,0,1,0,Q,none,n,Mr,1,0,0,0.24236252545824846,59.675625
470,1,0.24236252545824846,1,0,2,C,none,n,Miss,0,1,0,0.0,370.88211888999996
471,0,0.24236252545824846,0,1,0,S,none,n,Mr,1,0,0,0.24236252545824846,52.5625
472,0,0.24236252545824846,0,2,1,S,none,n,Mr,1,0,0,0.4847250509164969,75.03890625
473,1,0.47282608695652173,1,2,2,S,CA,n,Mrs,0,1,0,0.9456521739130435,770.0625
474,1,0.47282608695652173,1,1,1,C,SC/PARIS,D,Mrs,1,0,0,0.47282608695652173,190.21098889
475,0,0.24236252545824846,1,1,1,S,none,n,Miss,1,0,0,0.24236252545824846,96.77640625000001
476,0,0.6296296296296297,0,2,3,S,none,A,Mr,1,0,0,1.2592592592592593,2704.0
477,0,0.47282608695652173,0,2,2,S,none,n,Mr,0,0,1,0.9456521739130435,441.0
478,0,0.24236252545824846,0,1,0,S,none,n,Mr,0,0,1,0.24236252545824846,49.64329764
479,0,0.24236252545824846,0,1,0,S,none,n,Mr,1,0,0,0.24236252545824846,56.562432640000004
480,1,0.24236252545824846,1,0,1,S,none,n,Miss,0,0,1,0.0,150.98265625
481,0,0.24236252545824846,0,0,3,S,CA,n,Master,0,0,0,0.0,2199.6099999999997
482,0,0.47282608695652173,0,1,0,S,none,n,Mr,1,0,0,0.47282608695652173,0.0
483,0,0.24236252545824846,0,3,1,S,A/5,n,Mr,1,0,0,0.7270875763747454,64.80250000000001
484,1,0.24236252545824846,1,3,1,S,none,n,Mrs,1,0,0,0.7270875763747454,91.92015625
485,1,0.6296296296296297,0,1,3,C,none,B,Mr,0,0,1,0.6296296296296297,8295.42067264
486,0,0.24236252545824846,1,1,2,S,none,n,Miss,0,0,0,0.24236252545824846,648.5528088899999
487,1,0.6296296296296297,1,2,3,S,none,C,Mrs,0,0,1,1.2592592592592593,8100.0
488,0,0.6296296296296297,0,3,2,C,none,B,Mr,1,0,0,1.8888888888888888,882.0899999999999
489,0,0.24236252545824846,0,1,1,S,A/5,n,Mr,1,0,0,0.24236252545824846,64.80250000000001
490,1,0.24236252545824846,0,0,2,S,CA,n,Master,0,0,1,0.0,252.81
491,0,0.24236252545824846,0,1,2,S,none,n,Mr,0,0,1,0.24236252545824846,398.66910888999996
492,0,0.24236252545824846,0,1,0,S,SOTON,n,Mr,1,0,0,0.24236252545824846,52.5625
493,0,0.6296296296296297,0,3,2,S,none,C,Mr,1,0,0,1.8888888888888888,930.25
494,0,0.6296296296296297,0,4,3,C,rare,n,Mr,1,0,0,2.5185185185185186,2450.6658176399997
495,0,0.24236252545824846,0,1,1,S,A/5,n,Mr,1,0,0,0.24236252545824846,64.80250000000001
496,0,0.24236252545824846,0,1,2,C,none,n,Mr,1,0,0,0.24236252545824846,209.04243888999997
497,1,0.6296296296296297,1,3,3,C,none,D,Miss,0,0,1,1.8888888888888888,6125.67632889
498,0,0.24236252545824846,0,1,2,S,CA,n,Mr,1,0,0,0.24236252545824846,228.01
499,0,0.6296296296296297,1,1,3,S,none,C,Mrs,0,1,0,0.6296296296296297,22967.402500000004
500,0,0.24236252545824846,0,1,0,S,none,n,Mr,1,0,0,0.24236252545824846,60.77449764
501,0,0.24236252545824846,0,1,1,S,none,n,Mr,1,0,0,0.24236252545824846,75.03890625
502,0,0.24236252545824846,1,1,0,Q,none,n,Miss,1,0,0,0.24236252545824846,60.0625
503,0,0.24236252545824846,1,1,0,Q,none,n,Miss,1,0,0,0.24236252545824846,58.20469264
504,0,0.24236252545824846,1,2,1,S,none,n,Miss,1,0,0,0.4847250509164969,91.92015625
505,1,0.6296296296296297,1,0,3,S,none,B,Miss,1,0,0,0.0,7482.25
506,0,0.6296296296296297,0,1,3,C,rare,C,Mr,0,0,1,0.6296296296296297,11859.210000000001
507,1,0.47282608695652173,1,2,2,S,none,n,Mrs,0,0,1,0.9456521739130435,676.0
508,1,0.6296296296296297,0,2,2,S,none,n,Mr,1,0,0,1.2592592592592593,704.9025
509,0,0.24236252545824846,0,1,2,S,rare,n,Mr,1,0,0,0.24236252545824846,507.37562499999996
510,1,0.24236252545824846,0,1,3,S,none,n,Mr,1,0,0,0.24236252545824846,3191.7754176400003
511,1,0.24236252545824846,0,1,0,Q,none,n,Mr,1,0,0,0.24236252545824846,60.0625
512,0,0.24236252545824846,0,1,1,S,SOTON,n,Mr,1,0,0,0.24236252545824846,64.80250000000001
513,1,0.6296296296296297,0,2,2,S,rare,E,Mr,1,0,0,1.2592592592592593,691.0326562500001
514,1,0.6296296296296297,1,3,3,C,rare,n,Mrs,0,0,1,1.8888888888888888,3528.3599999999997
515,0,0.24236252545824846,0,1,0,S,none,n,Mr,1,0,0,0.24236252545824846,56.18701764
516,0,0.6296296296296297,0,2,3,S,none,D,Mr,1,0,0,1.2592592592592593,1157.41483264
517,1,0.47282608695652173,1,2,1,S,CA,F,Mrs,1,0,0,0.9456521739130435,110.25
518,0,0.24236252545824846,0,1,2,Q,none,n,Mr,1,0,0,0.24236252545824846,583.2225
519,1,0.47282608695652173,1,2,2,S,none,n,Mrs,0,0,1,0.9456521739130435,676.0
520,0,0.24236252545824846,0,1,0,S,none,n,Mr,1,0,0,0.24236252545824846,62.34365764
521,1,0.6296296296296297,1,1,3,S,none,B,Miss,1,0,0,0.6296296296296297,8742.25
522,0,0.24236252545824846,0,1,0,S,none,n,Mr,1,0,0,0.24236252545824846,62.34365764
523,0,0.24236252545824846,0,1,0,C,none,n,Mr,1,0,0,0.24236252545824846,52.200624999999995
524,1,0.6296296296296297,1,2,3,C,none,B,Mrs,0,0,1,1.2592592592592593,3361.58763264
525,0,0.24236252545824846,0,1,0,C,none,n,Mr,1,0,0,0.24236252545824846,52.26133263999999
526,0,0.24236252545824846,0,2,0,Q,none,n,Mr,1,0,0,0.4847250509164969,60.0625
527,1,0.47282608695652173,1,3,1,S,W/C,n,Miss,1,0,0,1.4184782608695652,110.25
528,0,0.6296296296296297,0,2,3,S,rare,C,Mr,1,0,0,1.2592592592592593,49186.013552640004
529,0,0.24236252545824846,0,2,1,S,none,n,Mr,1,0,0,0.4847250509164969,62.805625
530,0,0.47282608695652173,0,1,1,S,none,n,Mr,0,1,0,0.47282608695652173,132.25
531,1,0.47282608695652173,1,0,2,S,none,n,Miss,0,0,1,0.0,676.0
532,0,0.24236252545824846,0,1,0,C,none,n,Mr,1,0,0,0.24236252545824846,52.26133263999999
533,0,0.24236252545824846,0,1,0,C,none,n,Mr,0,0,1,0.24236252545824846,52.26133263999999
534,1,0.24236252545824846,1,1,2,C,none,n,Mrs,0,0,1,0.24236252545824846,499.89357889
535,0,0.24236252545824846,1,1,1,S,none,n,Miss,1,0,0,0.24236252545824846,75.03890625
536,1,0.47282608695652173,1,0,2,S,rare,n,Miss,0,0,1,0.0,689.0625
537,0,0.6296296296296297,0,2,2,S,none,B,Mr,1,0,0,1.2592592592592593,704.9025
538,1,0.6296296296296297,1,1,3,C,rare,n,Miss,1,0,0,0.6296296296296297,11326.280625
539,0,0.24236252545824846,0,1,2,S,none,n,Mr,1,0,0,0.24236252545824846,210.25
540,1,0.6296296296296297,1,1,3,C,none,B,Miss,0,0,1,0.6296296296296297,2450.25
541,1,0.6296296296296297,1,2,3,S,rare,B,Miss,0,0,1,1.2592592592592593,5041.0
542,0,0.24236252545824846,1,0,3,S,none,n,Miss,0,0,0,0.0,978.1256249999999
543,0,0.24236252545824846,1,0,3,S,none,n,Miss,0,0,0,0.0,978.1256249999999
544,1,0.47282608695652173,0,1,2,S,none,n,Mr,0,0,1,0.47282608695652173,676.0
545,0,0.6296296296296297,0,3,3,C,rare,C,Mr,0,0,1,1.8888888888888888,11326.280625
546,0,0.6296296296296297,0,3,2,S,none,n,Mr,1,0,0,1.8888888888888888,676.0
547,1,0.47282608695652173,1,1,2,S,none,n,Mrs,0,0,1,0.47282608695652173,676.0
548,1,0.47282608695652173,0,1,1,C,SC/PARIS,n,Mr,1,0,0,0.47282608695652173,192.16890625000002
549,0,0.24236252545824846,0,2,2,S,none,n,Mr,0,0,1,0.4847250509164969,421.27562499999993
550,1,0.47282608695652173,0,0,3,S,CA,n,Master,0,0,1,0.0,1350.5625
551,1,0.6296296296296297,0,1,3,C,none,C,Mr,0,0,1,0.6296296296296297,12295.106218890001
552,0,0.47282608695652173,0,1,2,S,none,n,Mr,1,0,0,0.47282608695652173,676.0
553,0,0.24236252545824846,0,1,0,Q,none,n,Mr,1,0,0,0.24236252545824846,61.29637264
554,1,0.24236252545824846,0,1,0,C,none,n,Mr,1,0,0,0.24236252545824846,52.200624999999995
555,1,0.24236252545824846,1,1,0,S,none,n,Miss,1,0,0,0.24236252545824846,60.450625
556,0,0.6296296296296297,0,3,2,S,none,n,Mr,1,0,0,1.8888888888888888,704.9025
557,1,0.6296296296296297,1,2,3,C,none,A,Mrs,0,0,1,1.2592592592592593,1568.16
558,0,0.6296296296296297,0,2,3,C,rare,n,Mr,1,0,0,1.2592592592592593,51767.625625
559,1,0.6296296296296297,1,2,3,S,none,E,Mrs,0,0,1,1.2592592592592593,6344.122500000001
560,1,0.24236252545824846,1,2,2,S,none,n,Mrs,0,0,1,0.4847250509164969,302.75999999999993
561,0,0.24236252545824846,0,1,0,Q,none,n,Mr,1,0,0,0.24236252545824846,60.0625
562,0,0.24236252545824846,0,2,0,S,none,n,Mr,1,0,0,0.4847250509164969,62.34365764
563,0,0.47282608695652173,0,1,1,S,none,n,Mr,1,0,0,0.47282608695652173,182.25
564,0,0.24236252545824846,0,1,1,S,SOTON,n,Mr,1,0,0,0.24236252545824846,64.80250000000001
565,0,0.24236252545824846,1,1,1,S,SOTON,n,Miss,1,0,0,0.24236252545824846,64.80250000000001
566,0,0.24236252545824846,0,1,2,S,A/5,n,Mr,0,0,1,0.24236252545824846,583.2225
567,0,0.24236252545824846,0,1,0,S,none,n,Mr,1,0,0,0.24236252545824846,62.34365764
568,0,0.24236252545824846,1,1,2,S,none,n,Mrs,0,0,0,0.24236252545824846,444.155625
569,0,0.24236252545824846,0,1,0,C,none,n,Mr,1,0,0,0.24236252545824846,52.26133263999999
570,1,0.24236252545824846,0,1,0,S,none,n,Mr,1,0,0,0.24236252545824846,61.688457639999996
571,1,0.47282608695652173,0,3,1,S,rare,n,Mr,1,0,0,1.4184782608695652,110.25
572,1,0.6296296296296297,1,3,3,S,none,C,Mrs,0,0,1,1.8888888888888888,2650.1080326399997
573,1,0.6296296296296297,0,2,2,S,rare,E,Mr,1,0,0,1.2592592592592593,696.30015625
574,1,0.24236252545824846,1,1,0,Q,none,n,Miss,1,0,0,0.24236252545824846,60.0625
575,0,0.24236252545824846,0,0,1,S,A/5,n,Mr,1,0,0,0.0,64.80250000000001
576,0,0.24236252545824846,0,1,2,S,none,n,Mr,1,0,0,0.24236252545824846,210.25
577,1,0.47282608695652173,1,2,1,S,none,n,Miss,1,0,0,0.9456521739130435,169.0
578,1,0.6296296296296297,1,2,3,S,none,E,Mrs,0,0,1,1.2592592592592593,3124.81
579,0,0.24236252545824846,1,1,2,C,none,n,Mrs,0,0,1,0.24236252545824846,209.04243888999997
580,1,0.24236252545824846,0,1,1,S,SOTON,n,Mr,1,0,0,0.24236252545824846,62.805625
581,1,0.47282608695652173,1,1,2,S,none,n,Miss,0,0,1,0.47282608695652173,900.0
582,1,0.6296296296296297,1,2,3,C,none,C,Mrs,0,0,1,1.2592592592592593,12295.106218890001
583,0,0.47282608695652173,0,3,2,S,none,n,Mr,1,0,0,1.4184782608695652,676.0
584,0,0.6296296296296297,0,2,3,C,none,A,Mr,1,0,0,1.2592592592592593,1610.015625
585,0,0.24236252545824846,0,1,1,C,none,n,Mr,1,0,0,0.24236252545824846,75.90765625
586,1,0.6296296296296297,1,1,3,S,none,E,Miss,0,0,1,0.6296296296296297,6344.122500000001
587,0,0.47282608695652173,0,2,2,S,none,n,Mr,1,0,0,0.9456521739130435,225.0
588,1,0.6296296296296297,0,3,3,C,none,B,Mr,0,0,1,1.8888888888888888,6272.64
589,0,0.24236252545824846,0,1,1,S,none,n,Mr,1,0,0,0.24236252545824846,64.80250000000001
590,0,0.24236252545824846,0,1,1,S,A/5,n,Mr,1,0,0,0.24236252545824846,64.80250000000001
591,0,0.24236252545824846,0,2,0,S,SOTON,n,Mr,1,0,0,0.4847250509164969,50.765625
592,1,0.6296296296296297,1,3,3,C,none,D,Mrs,0,0,1,1.8888888888888888,6125.67632889
593,0,0.24236252545824846,0,2,0,S,A/5,n,Mr,1,0,0,0.4847250509164969,52.5625
594,0,0.24236252545824846,1,1,0,Q,none,n,Miss,0,0,1,0.24236252545824846,60.0625
595,0,0.47282608695652173,0,2,2,S,SC/PARIS,n,Mr,0,0,1,0.9456521739130435,676.0
596,0,0.24236252545824846,0,2,2,S,none,n,Mr,0,0,1,0.4847250509164969,583.2225
597,1,0.47282608695652173,1,1,3,S,none,n,Miss,1,0,0,0.47282608695652173,1089.0
598,0,0.24236252545824846,0,3,0,S,none,n,Mr,1,0,0,0.7270875763747454,0.0
599,0,0.24236252545824846,0,1,0,C,none,n,Mr,1,0,0,0.24236252545824846,52.200624999999995
600,1,0.6296296296296297,0,3,3,C,rare,A,Mr,0,0,1,1.8888888888888888,3240.9338126400003
601,1,0.47282608695652173,1,1,2,S,none,n,Mrs,0,1,0,0.47282608695652173,729.0
602,0,0.24236252545824846,0,1,0,S,none,n,Mr,1,0,0,0.24236252545824846,62.34365764
603,0,0.6296296296296297,0,2,3,S,none,n,Mr,1,0,0,1.2592592592592593,1797.76
604,0,0.24236252545824846,0,2,1,S,none,n,Mr,1,0,0,0.4847250509164969,64.80250000000001
605,1,0.6296296296296297,0,2,2,C,none,n,Mr,1,0,0,1.2592592592592593,704.9025
606,0,0.24236252545824846,0,2,2,S,none,n,Mr,0,0,1,0.4847250509164969,241.8025
607,0,0.24236252545824846,0,1,0,S,none,n,Mr,1,0,0,0.24236252545824846,62.34365764
608,1,0.6296296296296297,0,1,2,S,none,n,Mr,1,0,0,0.6296296296296297,930.25
609,1,0.47282608695652173,1,1,3,C,SC/PARIS,n,Mrs,0,1,0,0.47282608695652173,1728.82987264
610,1,0.6296296296296297,1,2,3,S,rare,C,Miss,1,0,0,1.2592592592592593,23550.73890625
611,0,0.24236252545824846,1,2,3,S,none,n,Mrs,0,0,0,0.4847250509164969,978.1256249999999
612,0,0.24236252545824846,0,1,0,S,SOTON,n,Mr,1,0,0,0.24236252545824846,49.7025
613,1,0.24236252545824846,1,1,2,Q,none,n,Miss,0,0,1,0.24236252545824846,240.25
614,0,0.24236252545824846,0,1,0,Q,none,n,Mr,1,0,0,0.24236252545824846,60.0625
615,0,0.24236252545824846,0,2,1,S,none,n,Mr,1,0,0,0.4847250509164969,64.80250000000001
616,1,0.47282608695652173,1,1,3,S,none,n,Miss,0,1,0,0.47282608695652173,4225.0
617,0,0.24236252545824846,0,2,1,S,none,n,Mr,0,0,1,0.4847250509164969,207.36
618,0,0.24236252545824846,1,1,2,S,A/5,n,Mrs,0,0,1,0.24236252545824846,259.21000000000004
619,1,0.47282608695652173,1,0,3,S,none,F,Miss,0,1,0,0.0,1521.0
620,0,0.47282608695652173,0,1,1,S,none,n,Mr,1,0,0,0.47282608695652173,110.25
621,0,0.24236252545824846,0,1,2,C,none,n,Mr,0,0,1,0.24236252545824846,208.92389764
622,1,0.6296296296296297,0,2,3,S,none,D,Mr,0,0,1,1.2592592592592593,2761.94393764
623,1,0.24236252545824846,0,1,2,C,none,n,Mr,0,0,1,0.24236252545824846,247.80111889
624,0,0.24236252545824846,0,1,0,S,none,n,Mr,1,0,0,0.24236252545824846,61.688457639999996
625,0,0.24236252545824846,0,1,2,S,none,n,Mr,1,0,0,0.24236252545824846,259.21000000000004
626,0,0.6296296296296297,0,3,3,S,none,D,Mr,1,0,0,1.8888888888888888,1044.6341126399998
627,0,0.47282608695652173,0,3,1,Q,none,n,Mr,1,0,0,1.4184782608695652,152.52249999999998
628,1,0.6296296296296297,1,1,3,S,none,D,Miss,1,0,0,0.6296296296296297,6077.496538889999
629,0,0.24236252545824846,0,1,0,S,none,n,Mr,1,0,0,0.24236252545824846,62.34365764
630,0,0.24236252545824846,0,1,0,Q,none,n,Mr,1,0,0,0.24236252545824846,59.803928889999995
631,1,0.6296296296296297,0,4,2,S,none,A,Mr,1,0,0,2.5185185185185186,900.0
632,0,0.24236252545824846,0,3,0,S,none,n,Mr,1,0,0,0.7270875763747454,49.76173764
633,1,0.6296296296296297,0,1,2,C,none,B,Mr,1,0,0,0.6296296296296297,930.25
634,0,0.6296296296296297,0,2,0,S,none,n,Mr,1,0,0,1.2592592592592593,0.0
635,0,0.24236252545824846,1,0,2,S,none,n,Miss,0,0,0,0.0,778.41
636,1,0.47282608695652173,1,1,1,S,none,n,Miss,1,0,0,0.47282608695652173,169.0
637,0,0.24236252545824846,0,1,1,S,SOTON,n,Mr,1,0,0,0.24236252545824846,62.805625
638,0,0.47282608695652173,0,1,2,S,CA,n,Mr,0,0,1,0.47282608695652173,689.0625
639,0,0.24236252545824846,1,2,3,S,none,n,Mrs,0,0,0,0.4847250509164969,1575.09765625
640,0,0.24236252545824846,0,1,2,S,none,n,Mr,0,0,1,0.24236252545824846,259.21000000000004
641,0,0.24236252545824846,0,1,0,S,none,n,Mr,1,0,0,0.24236252545824846,61.688457639999996
642,1,0.6296296296296297,1,1,3,C,rare,B,Mrs,1,0,0,0.6296296296296297,4802.49
643,0,0.24236252545824846,1,0,2,S,none,n,Miss,0,0,0,0.0,778.41
644,1,0.24236252545824846,0,1,3,S,none,n,Mr,1,0,0,0.24236252545824846,3191.7754176400003
645,1,0.24236252545824846,1,0,2,C,none,n,Miss,0,1,0,0.0,370.88211888999996
646,1,0.6296296296296297,0,2,3,C,rare,D,Mr,0,0,1,1.2592592592592593,5887.3701326400005
647,0,0.24236252545824846,0,1,0,S,none,n,Mr,1,0,0,0.24236252545824846,62.34365764
648,1,0.6296296296296297,0,3,3,C,none,A,Mr,1,0,0,1.8888888888888888,1260.25
649,0,0.24236252545824846,0,1,0,S,rare,n,Mr,1,0,0,0.24236252545824846,57.0025
650,1,0.24236252545824846,1,1,0,S,CA,n,Miss,1,0,0,0.24236252545824846,57.0025
651,0,0.24236252545824846,0,1,0,S,none,n,Mr,1,0,0,0.24236252545824846,62.34365764
652,1,0.47282608695652173,1,1,2,S,none,n,Miss,0,0,1,0.47282608695652173,529.0
653,0,0.24236252545824846,0,1,1,S,none,n,Mr,1,0,0,0.24236252545824846,71.12054888999998
654,1,0.24236252545824846,1,1,0,Q,none,n,Miss,1,0,0,0.24236252545824846,61.29637264
655,0,0.24236252545824846,1,1,0,Q,none,n,Miss,1,0,0,0.24236252545824846,45.5625
656,0,0.47282608695652173,0,1,3,S,rare,n,Mr,0,0,1,0.47282608695652173,5402.25
657,0,0.24236252545824846,0,1,0,S,none,n,Mr,1,0,0,0.24236252545824846,62.34365764
658,0,0.24236252545824846,1,1,2,Q,none,n,Mrs,0,0,1,0.24236252545824846,240.25
659,0,0.47282608695652173,0,1,1,S,none,n,Mr,1,0,0,0.47282608695652173,169.0
660,0,0.6296296296296297,0,3,3,C,none,D,Mr,0,0,1,1.8888888888888888,12831.225625000001
661,1,0.6296296296296297,0,3,3,S,rare,n,Mr,0,0,1,1.8888888888888888,17862.322500000002
662,0,0.24236252545824846,0,2,0,C,none,n,Mr,1,0,0,0.4847250509164969,52.200624999999995
663,0,0.6296296296296297,0,2,2,S,none,E,Mr,1,0,0,1.2592592592592593,654.72015625
664,0,0.24236252545824846,0,2,0,S,none,n,Mr,1,0,0,0.4847250509164969,56.18701764
665,1,0.24236252545824846,0,1,1,S,SOTON,n,Mr,0,0,1,0.24236252545824846,62.805625
666,0,0.47282608695652173,0,1,3,S,rare,n,Mr,0,0,1,0.47282608695652173,5402.25
667,0,0.47282608695652173,0,1,1,S,none,n,Mr,1,0,0,0.47282608695652173,169.0
668,0,0.24236252545824846,0,1,0,S,none,n,Mr,1,0,0,0.24236252545824846,60.450625
669,0,0.24236252545824846,0,2,1,S,A/5,n,Mr,1,0,0,0.4847250509164969,64.80250000000001
670,1,0.6296296296296297,1,2,3,S,none,C,Mrs,0,0,1,1.2592592592592593,2704.0
671,1,0.47282608695652173,1,2,3,S,none,n,Mrs,0,0,1,0.9456521739130435,1521.0
672,0,0.6296296296296297,0,1,3,S,rare,B,Mr,0,0,1,0.6296296296296297,2704.0
673,0,0.47282608695652173,0,4,1,S,CA,n,Mr,1,0,0,1.891304347826087,110.25
674,1,0.47282608695652173,0,1,1,S,none,n,Mr,1,0,0,0.47282608695652173,169.0
675,0,0.47282608695652173,0,1,0,S,none,n,Mr,1,0,0,0.47282608695652173,0.0
676,0,0.24236252545824846,0,1,0,S,none,n,Mr,1,0,0,0.24236252545824846,60.450625
677,0,0.24236252545824846,0,1,1,S,none,n,Mr,1,0,0,0.24236252545824846,64.80250000000001
678,1,0.24236252545824846,1,1,1,S,none,n,Miss,1,0,0,0.24236252545824846,96.85905888999999
679,0,0.24236252545824846,1,2,3,S,CA,n,Mrs,0,0,0,0.4847250509164969,2199.6099999999997
680,1,0.6296296296296297,0,2,3,C,rare,B,Mr,0,0,1,1.2592592592592593,262481.20917264
681,0,0.24236252545824846,1,1,1,Q,none,n,Miss,1,0,0,0.24236252545824846,66.21890624999999
682,1,0.6296296296296297,0,1,3,C,rare,D,Mr,1,0,0,0.6296296296296297,5887.3701326400005
683,0,0.24236252545824846,0,1,1,S,none,n,Mr,1,0,0,0.24236252545824846,85.100625
684,0,0.24236252545824846,0,0,3,S,CA,n,Mr,0,0,0,0.0,2199.6099999999997
685,0,0.47282608695652173,0,3,3,S,none,n,Mr,0,0,1,1.4184782608695652,1521.0
686,0,0.47282608695652173,0,1,3,C,SC/PARIS,n,Mr,0,1,0,0.47282608695652173,1728.82987264
687,0,0.24236252545824846,0,0,3,S,none,n,Mr,0,0,0,0.0,1575.09765625
688,0,0.24236252545824846,0,1,1,S,none,n,Mr,1,0,0,0.24236252545824846,103.44517264
689,0,0.24236252545824846,0,1,0,S,none,n,Mr,1,0,0,0.24236252545824846,60.77449764
690,1,0.6296296296296297,1,0,3,S,none,B,Miss,0,0,1,0.0,44663.53890625
691,1,0.6296296296296297,0,1,3,S,none,B,Mr,0,0,1,0.6296296296296297,3249.0
692,1,0.24236252545824846,1,0,1,C,none,n,Miss,0,0,1,0.0,180.00783889000002
693,1,0.24236252545824846,0,1,3,S,none,n,Mr,1,0,0,0.24236252545824846,3191.7754176400003
694,0,0.24236252545824846,0,1,0,C,none,n,Mr,1,0,0,0.24236252545824846,52.200624999999995
695,0,0.6296296296296297,0,3,2,S,none,n,Mr,1,0,0,1.8888888888888888,704.9025
696,0,0.47282608695652173,0,3,1,S,none,n,Mr,1,0,0,1.4184782608695652,182.25
697,0,0.24236252545824846,0,2,1,S,none,n,Mr,1,0,0,0.4847250509164969,64.80250000000001
698,1,0.24236252545824846,1,1,0,Q,none,n,Miss,1,0,0,0.24236252545824846,59.803928889999995
699,0,0.6296296296296297,0,3,3,C,none,C,Mr,0,0,1,1.8888888888888888,12295.106218890001
700,0,0.24236252545824846,0,2,0,S,none,F,Mr,1,0,0,0.4847250509164969,58.52250000000001
701,1,0.6296296296296297,1,1,3,C,rare,C,Mrs,0,0,1,0.6296296296296297,51767.625625
702,1,0.6296296296296297,0,2,2,S,rare,E,Mr,1,0,0,1.2592592592592593,691.0326562500001
703,0,0.24236252545824846,1,1,2,C,none,n,Miss,0,0,1,0.24236252545824846,208.92389764
704,0,0.24236252545824846,0,1,0,Q,none,n,Mr,1,0,0,0.24236252545824846,59.933918889999994
705,0,0.24236252545824846,0,1,0,S,none,n,Mr,0,0,1,0.24236252545824846,61.688457639999996
706,0,0.47282608695652173,0,2,2,S,none,n,Mr,1,0,0,0.9456521739130435,676.0
707,1,0.47282608695652173,1,2,1,S,none,n,Mrs,1,0,0,0.9456521739130435,182.25
708,1,0.6296296296296297,0,2,2,S,rare,E,Mr,1,0,0,1.2592592592592593,691.0326562500001
709,1,0.6296296296296297,1,1,3,S,none,n,Miss,1,0,0,0.6296296296296297,22967.402500000004
710,1,0.24236252545824846,0,1,2,C,none,n,Master,0,0,1,0.24236252545824846,232.43441763999996
711,1,0.6296296296296297,1,1,3,C,rare,C,Mrs,1,0,0,0.6296296296296297,2450.6658176399997
712,0,0.6296296296296297,0,2,2,S,none,C,Mr,1,0,0,1.2592592592592593,704.9025
713,1,0.6296296296296297,0,2,3,S,none,C,Mr,0,0,1,1.2592592592592593,2704.0
714,0,0.24236252545824846,0,1,1,S,none,n,Mr,1,0,0,0.24236252545824846,89.93297889
715,0,0.47282608695652173,0,3,1,S,none,n,Mr,1,0,0,1.4184782608695652,169.0
716,0,0.24236252545824846,0,1,0,S,none,F,Mr,1,0,0,0.24236252545824846,58.52250000000001
717,1,0.6296296296296297,1,2,3,C,rare,C,Miss,1,0,0,1.2592592592592593,51767.625625
718,1,0.47282608695652173,1,1,1,S,none,E,Miss,1,0,0,0.47282608695652173,110.25
719,0,0.24236252545824846,0,1,2,Q,none,n,Mr,1,0,0,0.24236252545824846,240.25
720,0,0.24236252545824846,0,2,0,S,none,n,Mr,1,0,0,0.4847250509164969,60.450625
721,1,0.47282608695652173,1,0,3,S,none,n,Miss,0,0,1,0.0,1089.0
722,0,0.24236252545824846,0,1,0,S,none,n,Mr,0,0,1,0.24236252545824846,49.76173764
723,0,0.47282608695652173,0,2,1,S,none,n,Mr,1,0,0,0.9456521739130435,169.0
724,0,0.47282608695652173,0,3,1,S,none,n,Mr,1,0,0,1.4184782608695652,169.0
725,1,0.6296296296296297,0,1,3,S,none,E,Mr,0,0,1,0.6296296296296297,2819.61
726,0,0.24236252545824846,0,1,1,S,none,n,Mr,1,0,0,0.24236252545824846,75.03890625
727,1,0.47282608695652173,1,1,2,S,none,n,Mrs,0,1,0,0.47282608695652173,441.0
728,1,0.24236252545824846,1,1,0,Q,none,n,Miss,1,0,0,0.24236252545824846,59.868906249999995
729,0,0.47282608695652173,0,1,2,S,none,n,Mr,0,0,1,0.47282608695652173,676.0
730,0,0.24236252545824846,1,1,1,S,SOTON,n,Miss,0,0,1,0.24236252545824846,62.805625
731,1,0.6296296296296297,1,1,3,S,none,B,Miss,1,0,0,0.6296296296296297,44663.53890625
732,0,0.24236252545824846,0,0,2,C,none,n,Mr,1,0,0,0.0,352.97015625000006
733,0,0.47282608695652173,0,1,0,S,none,n,Mr,1,0,0,0.47282608695652173,0.0
734,0,0.47282608695652173,0,1,1,S,none,n,Mr,1,0,0,0.47282608695652173,169.0
735,0,0.47282608695652173,0,1,1,S,none,n,Mr,1,0,0,0.47282608695652173,169.0
736,0,0.24236252545824846,0,1,2,S,none,n,Mr,1,0,0,0.24236252545824846,259.21000000000004
737,0,0.24236252545824846,1,2,3,S,W/C,n,Mrs,0,0,0,0.4847250509164969,1181.640625
738,1,0.6296296296296297,0,2,3,C,rare,B,Mr,1,0,0,1.2592592592592593,262481.20917264
739,0,0.24236252545824846,0,1,0,S,none,n,Mr,1,0,0,0.24236252545824846,62.34365764
740,0,0.24236252545824846,0,1,0,S,none,n,Mr,1,0,0,0.24236252545824846,62.34365764
741,1,0.6296296296296297,0,2,2,S,none,D,Mr,1,0,0,1.2592592592592593,900.0
742,0,0.6296296296296297,0,2,3,S,none,C,Mr,0,0,1,1.2592592592592593,6217.322499999999
743,1,0.6296296296296297,1,1,3,C,rare,B,Miss,0,0,0,0.6296296296296297,68840.640625
744,0,0.24236252545824846,0,1,2,S,none,n,Mr,0,0,1,0.24236252545824846,259.21000000000004
745,1,0.24236252545824846,0,1,1,S,SOTON,n,Mr,1,0,0,0.24236252545824846,62.805625
746,0,0.6296296296296297,0,4,3,S,rare,B,Mr,0,0,1,2.5185185185185186,5041.0
747,0,0.24236252545824846,0,0,2,S,CA,n,Mr,0,0,1,0.0,410.0625
748,1,0.47282608695652173,1,1,1,S,none,n,Miss,1,0,0,0.47282608695652173,169.0
749,0,0.6296296296296297,0,1,3,S,none,D,Mr,0,0,1,0.6296296296296297,2819.61
750,0,0.24236252545824846,0,1,0,Q,none,n,Mr,1,0,0,0.24236252545824846,60.0625
751,1,0.47282608695652173,1,0,2,S,none,n,Miss,0,0,1,0.0,529.0
752,1,0.24236252545824846,0,0,1,S,none,E,Master,0,0,1,0.0,155.62562499999999
753,0,0.24236252545824846,0,2,1,S,none,n,Mr,1,0,0,0.4847250509164969,90.25
754,0,0.24236252545824846,0,1,0,S,none,n,Mr,1,0,0,0.24236252545824846,62.34365764
755,1,0.47282608695652173,1,2,3,S,none,n,Mrs,0,1,0,0.9456521739130435,4225.0
756,1,0.47282608695652173,0,0,2,S,none,n,Master,0,0,1,0.0,210.25
757,0,0.24236252545824846,0,1,0,S,none,n,Mr,1,0,0,0.24236252545824846,60.77449764
758,0,0.47282608695652173,0,1,1,S,none,n,Mr,1,0,0,0.47282608695652173,132.25
759,0,0.24236252545824846,0,2,1,S,none,n,Mr,1,0,0,0.4847250509164969,64.80250000000001
760,1,0.6296296296296297,1,2,3,S,none,B,Mrs,1,0,0,1.2592592592592593,7482.25
761,0,0.24236252545824846,0,1,2,S,none,n,Mr,1,0,0,0.24236252545824846,210.25
762,0,0.24236252545824846,0,2,0,S,SOTON,n,Mr,1,0,0,0.4847250509164969,50.765625
763,1,0.24236252545824846,0,1,0,C,none,n,Mr,1,0,0,0.24236252545824846,52.26133263999999
764,1,0.6296296296296297,1,2,3,S,none,B,Mrs,0,1,0,1.2592592592592593,14400.0
765,0,0.24236252545824846,0,0,0,S,none,n,Mr,1,0,0,0.0,60.450625
766,1,0.6296296296296297,1,3,3,S,none,D,Mrs,0,0,1,1.8888888888888888,6077.496538889999
767,0,0.6296296296296297,0,2,3,C,none,n,Mr,1,0,0,1.2592592592592593,1568.16
768,0,0.24236252545824846,1,1,0,Q,none,n,Miss,1,0,0,0.24236252545824846,60.0625
769,0,0.24236252545824846,0,1,2,Q,none,n,Mr,0,0,1,0.24236252545824846,583.2225
770,0,0.24236252545824846,0,1,1,S,none,n,Mr,1,0,0,0.24236252545824846,69.93140625000001
771,0,0.24236252545824846,0,1,1,S,none,n,Mr,1,0,0,0.24236252545824846,90.25
772,0,0.24236252545824846,0,2,0,S,none,n,Mr,1,0,0,0.4847250509164969,61.688457639999996
773,0,0.47282608695652173,1,3,1,S,rare,E,Mrs,1,0,0,1.4184782608695652,110.25
774,0,0.24236252545824846,0,1,0,C,none,n,Mr,1,0,0,0.24236252545824846,52.200624999999995
775,1,0.47282608695652173,1,3,2,S,none,n,Mrs,0,0,0,1.4184782608695652,529.0
776,0,0.24236252545824846,0,1,0,S,none,n,Mr,1,0,0,0.24236252545824846,60.0625
777,0,0.24236252545824846,0,1,0,Q,none,F,Mr,1,0,0,0.24236252545824846,60.0625
778,1,0.24236252545824846,1,0,1,S,none,n,Miss,1,0,0,0.0,155.62562499999999
779,0,0.24236252545824846,0,1,0,Q,none,n,Mr,1,0,0,0.24236252545824846,59.868906249999995
780,1,0.6296296296296297,1,2,3,S,none,B,Mrs,0,0,1,1.2592592592592593,44663.53890625
781,1,0.24236252545824846,1,0,0,C,none,n,Miss,1,0,0,0.0,52.26133263999999
782,1,0.6296296296296297,1,1,3,S,none,B,Mrs,0,0,1,0.6296296296296297,3249.0
783,0,0.6296296296296297,0,1,2,S,none,D,Mr,1,0,0,0.6296296296296297,900.0
784,0,0.24236252545824846,0,1,2,S,W/C,n,Mr,0,1,0,0.24236252545824846,549.9024999999999
785,0,0.24236252545824846,0,1,0,S,SOTON,n,Mr,1,0,0,0.24236252545824846,49.7025
786,0,0.24236252545824846,0,1,0,S,none,n,Mr,1,0,0,0.24236252545824846,52.5625
787,1,0.24236252545824846,1,1,0,S,none,n,Miss,1,0,0,0.24236252545824846,56.18701764
788,0,0.24236252545824846,0,0,2,Q,none,n,Master,0,0,0,0.0,848.265625
789,1,0.24236252545824846,0,0,2,S,CA,n,Master,0,1,0,0.0,423.330625
790,0,0.6296296296296297,0,2,3,C,rare,B,Mr,1,0,0,1.2592592592592593,6272.64
791,0,0.24236252545824846,0,1,0,Q,none,n,Mr,1,0,0,0.24236252545824846,60.0625
792,0,0.47282608695652173,0,0,2,S,none,n,Mr,1,0,0,0.0,676.0
793,0,0.24236252545824846,1,1,3,S,CA,n,Miss,0,0,0,0.24236252545824846,4837.202499999999
794,0,0.6296296296296297,0,2,2,C,rare,n,Mr,1,0,0,1.2592592592592593,942.2321376399999
795,0,0.24236252545824846,0,1,0,S,none,n,Mr,1,0,0,0.24236252545824846,62.34365764
796,0,0.47282608695652173,0,2,1,S,none,n,Mr,1,0,0,0.9456521739130435,169.0
797,1,0.6296296296296297,1,3,2,S,none,D,Mr,1,0,0,1.8888888888888888,672.3234126400001
798,1,0.24236252545824846,1,1,1,S,none,n,Mrs,1,0,0,0.24236252545824846,75.39969888999998
799,0,0.24236252545824846,0,1,0,C,none,n,Mr,1,0,0,0.24236252545824846,52.26133263999999
800,0,0.24236252545824846,1,1,2,S,none,n,Mrs,0,0,1,0.24236252545824846,583.2225
801,0,0.47282608695652173,0,2,1,S,none,n,Mr,1,0,0,0.9456521739130435,169.0
802,1,0.47282608695652173,1,1,2,S,CA,n,Mrs,0,0,1,0.47282608695652173,689.0625
803,1,0.6296296296296297,0,0,3,S,none,B,Master,0,1,0,0.0,14400.0
804,1,0.24236252545824846,0,0,1,C,none,n,Master,0,0,1,0.0,72.53417889
805,1,0.24236252545824846,0,1,0,S,none,n,Mr,1,0,0,0.24236252545824846,48.650625
806,0,0.24236252545824846,0,1,0,S,none,n,Mr,1,0,0,0.24236252545824846,60.450625
807,0,0.6296296296296297,0,2,0,S,none,A,Mr,1,0,0,1.2592592592592593,0.0
808,0,0.24236252545824846,1,1,0,S,none,n,Miss,1,0,0,0.24236252545824846,60.450625
809,0,0.47282608695652173,0,2,1,S,none,n,Mr,1,0,0,0.9456521739130435,169.0
810,1,0.6296296296296297,1,2,3,S,none,E,Mrs,0,0,1,1.2592592592592593,2819.61
811,0,0.24236252545824846,0,1,0,S,none,n,Mr,1,0,0,0.24236252545824846,62.21265625
812,0,0.24236252545824846,0,2,2,S,A/5,n,Mr,1,0,0,0.4847250509164969,583.2225
813,0,0.47282608695652173,0,2,1,S,none,n,Mr,1,0,0,0.9456521739130435,110.25
814,0,0.24236252545824846,1,0,3,S,none,n,Miss,0,0,0,0.0,978.1256249999999
815,0,0.24236252545824846,0,1,1,S,none,n,Mr,1,0,0,0.24236252545824846,64.80250000000001
816,0,0.6296296296296297,0,2,0,S,none,B,Mr,1,0,0,1.2592592592592593,0.0
817,0,0.24236252545824846,1,1,1,S,SOTON,n,Miss,1,0,0,0.24236252545824846,62.805625
818,0,0.47282608695652173,0,1,3,C,SC/PARIS,n,Mr,0,0,1,0.47282608695652173,1369.3108176399999
819,0,0.24236252545824846,0,2,0,S,rare,n,Mr,1,0,0,0.4847250509164969,41.6025
820,0,0.24236252545824846,0,0,2,S,none,n,Master,0,0,0,0.0,778.41
821,1,0.6296296296296297,1,3,3,S,none,B,Mrs,0,0,1,1.8888888888888888,8742.25
822,1,0.24236252545824846,0,1,1,S,none,n,Mr,1,0,0,0.24236252545824846,75.03890625
823,0,0.6296296296296297,0,2,0,S,none,n,Mr,1,0,0,1.2592592592592593,0.0
824,1,0.24236252545824846,1,1,1,S,none,E,Mrs,0,0,1,0.24236252545824846,155.62562499999999
825,0,0.24236252545824846,0,0,3,S,none,n,Master,0,0,0,0.0,1575.09765625
826,0,0.24236252545824846,0,1,0,Q,none,n,Mr,1,0,0,0.24236252545824846,48.3025
827,0,0.24236252545824846,0,1,3,S,none,n,Mr,1,0,0,0.24236252545824846,3191.7754176400003
828,1,0.47282608695652173,0,0,3,C,SC/PARIS,n,Master,0,0,1,0.0,1369.3108176399999
829,1,0.24236252545824846,0,1,0,Q,none,n,Mr,1,0,0,0.24236252545824846,60.0625
830,1,0.6296296296296297,1,3,3,S,none,B,Mrs,1,0,0,1.8888888888888888,6400.0
831,1,0.24236252545824846,1,0,2,C,none,n,Mrs,0,0,1,0.0,208.92389764
832,1,0.47282608695652173,0,0,2,S,none,n,Master,0,0,1,0.0,351.5625
833,0,0.24236252545824846,0,1,0,C,none,n,Mr,1,0,0,0.24236252545824846,52.26133263999999
834,0,0.24236252545824846,0,1,0,S,none,n,Mr,1,0,0,0.24236252545824846,61.688457639999996
835,0,0.24236252545824846,0,1,1,S,none,n,Mr,1,0,0,0.24236252545824846,68.89000000000001
836,1,0.6296296296296297,1,2,3,C,rare,E,Miss,0,0,1,1.2592592592592593,6915.30285889
837,0,0.24236252545824846,0,1,1,S,none,n,Mr,1,0,0,0.24236252545824846,75.03890625
838,0,0.24236252545824846,0,1,1,S,none,n,Mr,1,0,0,0.24236252545824846,64.80250000000001
839,1,0.24236252545824846,0,1,3,S,none,n,Mr,1,0,0,0.24236252545824846,3191.7754176400003
840,1,0.6296296296296297,0,2,2,C,none,C,Mr,1,0,0,1.2592592592592593,882.0899999999999
841,0,0.24236252545824846,0,1,1,S,SOTON,n,Mr,1,0,0,0.24236252545824846,62.805625
842,0,0.47282608695652173,0,0,1,S,rare,n,Mr,1,0,0,0.0,110.25
843,1,0.6296296296296297,1,1,2,C,none,n,Miss,1,0,0,0.6296296296296297,961.0
844,0,0.24236252545824846,0,2,0,C,none,n,Mr,1,0,0,0.4847250509164969,41.44140625
845,0,0.24236252545824846,0,1,1,S,none,n,Mr,1,0,0,0.24236252545824846,75.03890625
846,0,0.24236252545824846,0,2,0,S,CA,n,Mr,1,0,0,0.4847250509164969,57.0025
847,0,0.24236252545824846,0,1,3,S,CA,n,Mr,0,0,0,0.24236252545824846,4837.202499999999
848,0,0.24236252545824846,0,2,0,C,none,n,Mr,1,0,0,0.4847250509164969,62.34365764
849,0,0.47282608695652173,0,1,3,S,none,n,Mr,0,0,1,0.47282608695652173,1089.0
850,1,0.6296296296296297,1,2,3,C,none,C,Mrs,0,0,1,1.2592592592592593,7939.558457640001
851,0,0.24236252545824846,0,0,3,S,none,n,Master,0,0,0,0.0,978.1256249999999
852,0,0.24236252545824846,0,4,0,S,none,n,Mr,1,0,0,0.9694501018329938,60.450625
853,0,0.24236252545824846,1,0,2,C,none,n,Miss,0,0,1,0.0,232.43441763999996
854,1,0.6296296296296297,1,0,3,S,rare,D,Miss,0,0,1,0.0,1552.36
855,0,0.47282608695652173,1,2,2,S,none,n,Mrs,0,0,1,0.9456521739130435,676.0
856,1,0.24236252545824846,1,1,1,S,none,n,Mrs,0,0,1,0.24236252545824846,87.4225
857,1,0.6296296296296297,1,2,3,S,none,n,Mrs,0,0,1,1.2592592592592593,27181.028768890003
858,1,0.6296296296296297,0,3,2,S,none,E,Mr,1,0,0,1.8888888888888888,704.9025
859,1,0.24236252545824846,1,1,2,C,none,n,Mrs,0,1,0,0.24236252545824846,370.88211888999996
860,0,0.24236252545824846,0,1,0,C,none,n,Mr,1,0,0,0.24236252545824846,52.26133263999999
861,0,0.24236252545824846,0,2,1,S,none,n,Mr,0,0,1,0.4847250509164969,199.04412889
862,0,0.47282608695652173,0,1,1,S,none,n,Mr,0,0,1,0.47282608695652173,132.25
863,1,0.6296296296296297,1,2,2,S,none,D,Mrs,1,0,0,1.2592592592592593,672.3234126400001
864,0,0.24236252545824846,1,1,3,S,CA,n,Miss,0,0,0,0.24236252545824846,4837.202499999999
865,0,0.47282608695652173,0,1,1,S,none,n,Mr,1,0,0,0.47282608695652173,169.0
866,1,0.47282608695652173,1,2,1,S,none,n,Mrs,1,0,0,0.9456521739130435,169.0
867,1,0.47282608695652173,1,1,1,C,SC/PARIS,n,Miss,0,0,1,0.47282608695652173,192.05247889
868,0,0.6296296296296297,0,1,3,S,rare,A,Mr,1,0,0,0.6296296296296297,2549.8258176400004
869,0,0.24236252545824846,0,1,1,S,none,n,Mr,1,0,0,0.24236252545824846,90.25
870,1,0.24236252545824846,0,0,1,S,none,n,Master,0,0,1,0.0,123.95036889000001
871,0,0.24236252545824846,0,1,0,S,none,n,Mr,1,0,0,0.24236252545824846,62.34365764
872,1,0.6296296296296297,1,2,3,S,none,D,Mrs,0,0,1,1.2592592592592593,2761.94393764
873,0,0.6296296296296297,0,2,0,S,none,B,Mr,1,0,0,1.2592592592592593,25.0
874,0,0.24236252545824846,0,2,1,S,none,n,Mr,1,0,0,0.4847250509164969,81.0
875,1,0.47282608695652173,1,1,2,C,rare,n,Mrs,0,0,1,0.47282608695652173,576.0
876,1,0.24236252545824846,1,0,0,C,none,n,Miss,1,0,0,0.0,52.200624999999995
877,0,0.24236252545824846,0,1,1,S,none,n,Mr,1,0,0,0.24236252545824846,96.93977764000002
878,0,0.24236252545824846,0,1,0,S,none,n,Mr,1,0,0,0.24236252545824846,62.34365764
879,0,0.24236252545824846,0,1,0,S,none,n,Mr,1,0,0,0.24236252545824846,62.34365764
880,1,0.6296296296296297,1,3,3,C,none,C,Mrs,0,0,1,1.8888888888888888,6915.30285889
881,1,0.47282608695652173,1,1,2,S,none,n,Mrs,0,0,1,0.47282608695652173,676.0
882,0,0.24236252545824846,0,2,0,S,none,n,Mr,1,0,0,0.4847250509164969,62.34365764
883,0,0.24236252545824846,1,1,1,S,none,n,Miss,1,0,0,0.24236252545824846,110.60097889000001
884,0,0.47282608695652173,0,1,1,S,CA,n,Mr,1,0,0,0.47282608695652173,110.25
885,0,0.24236252545824846,0,1,0,S,SOTON,n,Mr,1,0,0,0.24236252545824846,49.7025
886,0,0.24236252545824846,1,2,2,Q,none,n,Mrs,0,0,0,0.4847250509164969,848.265625
887,0,0.47282608695652173,0,1,1,S,none,n,Mr,1,0,0,0.47282608695652173,169.0
888,1,0.6296296296296297,1,1,2,S,none,B,Miss,1,0,0,0.6296296296296297,900.0
889,0,0.24236252545824846,1,1,2,S,W/C,n,Miss,0,1,0,0.24236252545824846,549.9024999999999
890,1,0.6296296296296297,0,1,2,C,none,C,Mr,1,0,0,0.6296296296296297,900.0
891,0,0.24236252545824846,0,1,0,Q,none,n,Mr,1,0,0,0.24236252545824846,60.0625
