PassengerId,Survived,Pclass,Sex,Age,Fare,Embarked,is_alone,is_4_members,is_3or2_members,age*class,quad_fare,label_CA,label_SC/PARIS,label_SOTON,label_W/C,label_none,label_rare,cabin_type_B,cabin_type_C,cabin_type_D,cabin_type_E,cabin_type_F,cabin_type_G,cabin_type_n,status_Miss,status_Mr,status_Mrs
1,0,0.24236252545824846,0,1,0,0,0,0,1,0.24236252545824846,52.5625,0,0,0,0,0,0,0,0,0,0,0,0,1,0,1,0
2,1,0.6296296296296297,1,2,3,1,0,0,1,1.2592592592592593,5081.30885889,0,0,0,0,0,1,0,1,0,0,0,0,0,0,0,1
3,1,0.24236252545824846,1,1,1,0,1,0,0,0.24236252545824846,62.805625,0,0,1,0,0,0,0,0,0,0,0,0,1,1,0,0
4,1,0.6296296296296297,1,2,3,0,0,0,1,1.2592592592592593,2819.61,0,0,0,0,1,0,0,1,0,0,0,0,0,0,0,1
5,0,0.24236252545824846,0,2,1,0,1,0,0,0.4847250509164969,64.80250000000001,0,0,0,0,1,0,0,0,0,0,0,0,1,0,1,0
6,0,0.24236252545824846,0,1,1,2,1,0,0,0.24236252545824846,71.54283888999998,0,0,0,0,1,0,0,0,0,0,0,0,1,0,1,0
7,0,0.6296296296296297,0,3,3,0,1,0,0,1.8888888888888888,2689.7189062499997,0,0,0,0,1,0,0,0,0,1,0,0,0,0,1,0
8,0,0.24236252545824846,0,0,2,0,0,0,0,0.0,444.155625,0,0,0,0,1,0,0,0,0,0,0,0,1,0,0,0
9,1,0.24236252545824846,1,1,1,0,0,0,1,0.24236252545824846,123.95036889000001,0,0,0,0,1,0,0,0,0,0,0,0,1,0,0,1
10,1,0.47282608695652173,1,0,2,1,0,0,1,0.0,904.25301264,0,0,0,0,1,0,0,0,0,0,0,0,1,0,0,1
11,1,0.24236252545824846,1,0,2,0,0,0,1,0.0,278.89,0,0,0,0,0,1,0,0,0,0,0,1,0,1,0,0
12,1,0.6296296296296297,1,3,2,0,1,0,0,1.8888888888888888,704.9025,0,0,0,0,1,0,0,1,0,0,0,0,0,1,0,0
13,0,0.24236252545824846,0,1,1,0,1,0,0,0.24236252545824846,64.80250000000001,0,0,0,0,0,0,0,0,0,0,0,0,1,0,1,0
14,0,0.24236252545824846,0,2,3,0,0,0,0,0.4847250509164969,978.1256249999999,0,0,0,0,1,0,0,0,0,0,0,0,1,0,1,0
15,0,0.24236252545824846,1,0,0,0,1,0,0,0.0,61.688457639999996,0,0,0,0,1,0,0,0,0,0,0,0,1,1,0,0
16,1,0.47282608695652173,1,3,2,0,1,0,0,1.4184782608695652,256.0,0,0,0,0,1,0,0,0,0,0,0,0,1,0,0,1
17,0,0.24236252545824846,0,0,2,2,0,0,0,0.0,848.265625,0,0,0,0,1,0,0,0,0,0,0,0,1,0,0,0
18,1,0.47282608695652173,0,1,1,0,1,0,0,0.47282608695652173,169.0,0,0,0,0,1,0,0,0,0,0,0,0,1,0,1,0
19,0,0.24236252545824846,1,1,2,0,0,0,1,0.24236252545824846,324.0,0,0,0,0,1,0,0,0,0,0,0,0,1,0,0,1
20,1,0.24236252545824846,1,1,0,1,1,0,0,0.24236252545824846,52.200624999999995,0,0,0,0,1,0,0,0,0,0,0,0,1,0,0,1
21,0,0.47282608695652173,0,2,2,0,1,0,0,0.9456521739130435,676.0,0,0,0,0,1,0,0,0,0,0,0,0,1,0,1,0
22,1,0.47282608695652173,0,2,1,0,1,0,0,0.9456521739130435,169.0,0,0,0,0,1,0,0,0,1,0,0,0,0,0,1,0
23,1,0.24236252545824846,1,0,1,2,1,0,0,0.0,64.46805264,0,0,0,0,1,0,0,0,0,0,0,0,1,1,0,0
24,1,0.6296296296296297,0,1,3,0,1,0,0,0.6296296296296297,1260.25,0,0,0,0,1,0,0,0,0,0,0,0,0,0,1,0
25,0,0.24236252545824846,1,0,2,0,0,0,0,0.0,444.155625,0,0,0,0,1,0,0,0,0,0,0,0,1,1,0,0
26,1,0.24236252545824846,1,2,3,0,0,0,0,0.4847250509164969,985.17515625,0,0,0,0,1,0,0,0,0,0,0,0,1,0,0,1
27,0,0.24236252545824846,0,1,0,1,1,0,0,0.24236252545824846,52.200624999999995,0,0,0,0,1,0,0,0,0,0,0,0,1,0,1,0
28,0,0.6296296296296297,0,1,3,0,0,0,0,0.6296296296296297,69169.0,0,0,0,0,1,0,0,1,0,0,0,0,0,0,1,0
29,1,0.24236252545824846,1,1,0,2,1,0,0,0.24236252545824846,62.081792639999996,0,0,0,0,1,0,0,0,0,0,0,0,1,1,0,0
30,0,0.24236252545824846,0,1,0,0,1,0,0,0.24236252545824846,62.34365764,0,0,0,0,1,0,0,0,0,0,0,0,1,0,1,0
31,0,0.6296296296296297,0,2,2,1,1,0,0,1.2592592592592593,768.44275264,0,0,0,0,0,1,0,0,0,0,0,0,1,0,1,0
32,1,0.6296296296296297,1,2,3,1,0,0,1,1.2592592592592593,21468.344832640003,0,0,0,0,0,1,1,0,0,0,0,0,0,0,0,1
33,1,0.24236252545824846,1,1,0,2,1,0,0,0.24236252545824846,60.0625,0,0,0,0,1,0,0,0,0,0,0,0,1,1,0,0
34,0,0.47282608695652173,0,4,1,0,1,0,0,1.891304347826087,110.25,1,0,0,0,0,0,0,0,0,0,0,0,1,0,1,0
35,0,0.6296296296296297,0,1,3,1,0,0,1,0.6296296296296297,6752.04037264,0,0,0,0,0,1,0,0,0,0,0,0,1,0,1,0
36,0,0.6296296296296297,0,2,3,0,0,0,1,1.2592592592592593,2704.0,0,0,0,0,1,0,0,0,0,0,0,0,1,0,1,0
37,1,0.24236252545824846,0,1,0,1,1,0,0,0.24236252545824846,52.26133263999999,0,0,0,0,1,0,0,0,0,0,0,0,1,0,1,0
38,0,0.24236252545824846,0,1,1,0,1,0,0,0.24236252545824846,64.80250000000001,0,0,0,0,0,0,0,0,0,0,0,0,1,0,1,0
39,0,0.24236252545824846,1,1,2,0,0,0,1,0.24236252545824846,324.0,0,0,0,0,1,0,0,0,0,0,0,0,1,1,0,0
40,1,0.24236252545824846,1,0,1,1,0,0,1,0.0,126.37581888999999,0,0,0,0,1,0,0,0,0,0,0,0,1,1,0,0
41,0,0.24236252545824846,1,2,1,0,0,0,1,0.4847250509164969,89.77562499999999,0,0,0,0,1,0,0,0,0,0,0,0,1,0,0,1
42,0,0.47282608695652173,1,1,2,0,0,0,1,0.47282608695652173,441.0,0,0,0,0,1,0,0,0,0,0,0,0,1,0,0,1
43,0,0.24236252545824846,0,1,0,1,1,0,0,0.24236252545824846,62.34365764,0,0,0,0,1,0,0,0,0,0,0,0,1,0,1,0
44,1,0.47282608695652173,1,0,3,1,0,1,0,0.0,1728.82987264,0,1,0,0,0,0,0,0,0,0,0,0,1,1,0,0
45,1,0.24236252545824846,1,1,0,2,1,0,0,0.24236252545824846,62.081792639999996,0,0,0,0,1,0,0,0,0,0,0,0,1,1,0,0
46,0,0.24236252545824846,0,1,1,0,1,0,0,0.24236252545824846,64.80250000000001,0,0,0,0,0,1,0,0,0,0,0,0,1,0,1,0
47,0,0.24236252545824846,0,1,2,2,0,0,1,0.24236252545824846,240.25,0,0,0,0,1,0,0,0,0,0,0,0,1,0,1,0
48,1,0.24236252545824846,1,1,0,2,1,0,0,0.24236252545824846,60.0625,0,0,0,0,1,0,0,0,0,0,0,0,1,1,0,0
49,0,0.24236252545824846,0,1,2,1,0,0,1,0.24236252545824846,469.98771264000004,0,0,0,0,1,0,0,0,0,0,0,0,1,0,1,0
50,0,0.24236252545824846,1,1,2,0,0,0,1,0.24236252545824846,316.84000000000003,0,0,0,0,1,0,0,0,0,0,0,0,1,0,0,1
51,0,0.24236252545824846,0,0,3,0,0,0,0,0.0,1575.09765625,0,0,0,0,1,0,0,0,0,0,0,0,1,0,0,0
52,0,0.24236252545824846,0,1,0,0,1,0,0,0.24236252545824846,60.839999999999996,0,0,0,0,0,0,0,0,0,0,0,0,1,0,1,0
53,1,0.6296296296296297,1,3,3,1,0,0,1,1.8888888888888888,5887.3701326400005,0,0,0,0,0,1,0,0,1,0,0,0,0,0,0,1
54,1,0.47282608695652173,1,1,2,0,0,0,1,0.47282608695652173,676.0,0,0,0,0,1,0,0,0,0,0,0,0,1,0,0,1
55,0,0.6296296296296297,0,4,3,1,0,0,1,2.5185185185185186,3841.4212326399997,0,0,0,0,1,0,1,0,0,0,0,0,0,0,1,0
56,1,0.6296296296296297,0,2,3,0,1,0,0,1.2592592592592593,1260.25,0,0,0,0,1,0,0,1,0,0,0,0,0,0,1,0
57,1,0.47282608695652173,1,1,1,0,1,0,0,0.47282608695652173,110.25,1,0,0,0,0,0,0,0,0,0,0,0,1,1,0,0
58,0,0.24236252545824846,0,1,0,1,1,0,0,0.24236252545824846,52.26133263999999,0,0,0,0,1,0,0,0,0,0,0,0,1,0,1,0
59,1,0.47282608695652173,1,0,2,0,0,1,0,0.0,770.0625,1,0,0,0,0,0,0,0,0,0,0,0,1,1,0,0
60,0,0.24236252545824846,0,0,3,0,0,0,0,0.0,2199.6099999999997,1,0,0,0,0,0,0,0,0,0,0,0,1,0,0,0
61,0,0.24236252545824846,0,1,0,1,1,0,0,0.24236252545824846,52.26133263999999,0,0,0,0,1,0,0,0,0,0,0,0,1,0,1,0
62,1,0.6296296296296297,1,2,3,0,1,0,0,1.2592592592592593,6400.0,0,0,0,0,1,0,1,0,0,0,0,0,0,1,0,0
63,0,0.6296296296296297,0,2,3,0,0,0,1,1.2592592592592593,6968.0756249999995,0,0,0,0,1,0,0,1,0,0,0,0,0,0,1,0
64,0,0.24236252545824846,0,0,2,0,0,0,0,0.0,778.41,0,0,0,0,1,0,0,0,0,0,0,0,1,0,0,0
65,0,0.6296296296296297,0,2,2,1,1,0,0,1.2592592592592593,768.44275264,0,0,0,0,0,1,0,0,0,0,0,0,1,0,1,0
66,1,0.24236252545824846,0,1,2,1,0,0,1,0.24236252545824846,232.43441763999996,0,0,0,0,1,0,0,0,0,0,0,0,1,0,0,0
67,1,0.47282608695652173,1,1,1,0,1,0,0,0.47282608695652173,110.25,1,0,0,0,0,0,0,0,0,0,1,0,0,0,0,1
68,0,0.24236252545824846,0,1,1,0,1,0,0,0.24236252545824846,66.55785889,0,0,0,0,0,1,0,0,0,0,0,0,1,0,1,0
69,1,0.24236252545824846,1,1,1,0,0,0,0,0.24236252545824846,62.805625,0,0,0,0,1,0,0,0,0,0,0,0,1,1,0,0
70,0,0.24236252545824846,0,1,1,0,0,0,1,0.24236252545824846,75.03890625,0,0,0,0,1,0,0,0,0,0,0,0,1,0,1,0
71,0,0.47282608695652173,0,1,1,0,1,0,0,0.47282608695652173,110.25,1,0,0,0,0,0,0,0,0,0,0,0,1,0,1,0
72,0,0.24236252545824846,1,0,3,0,0,0,0,0.0,2199.6099999999997,1,0,0,0,0,0,0,0,0,0,0,0,1,1,0,0
73,0,0.47282608695652173,0,1,3,0,1,0,0,0.47282608695652173,5402.25,0,0,0,0,0,1,0,0,0,0,0,0,1,0,1,0
74,0,0.24236252545824846,0,1,2,1,0,0,1,0.24236252545824846,208.92389764,0,0,0,0,1,0,0,0,0,0,0,0,1,0,1,0
75,1,0.24236252545824846,0,1,3,0,1,0,0,0.24236252545824846,3191.7754176400003,0,0,0,0,1,0,0,0,0,0,0,0,1,0,1,0
76,0,0.24236252545824846,0,1,0,0,1,0,0,0.24236252545824846,58.52250000000001,0,0,0,0,1,0,0,0,0,0,1,0,0,0,1,0
77,0,0.24236252545824846,0,1,0,0,1,0,0,0.24236252545824846,62.34365764,0,0,0,0,1,0,0,0,0,0,0,0,1,0,1,0
78,0,0.24236252545824846,0,1,1,0,1,0,0,0.24236252545824846,64.80250000000001,0,0,0,0,1,0,0,0,0,0,0,0,1,0,1,0
79,1,0.47282608695652173,0,0,2,0,0,0,1,0.0,841.0,0,0,0,0,1,0,0,0,0,0,0,0,1,0,0,0
80,1,0.24236252545824846,1,1,1,0,1,0,0,0.24236252545824846,155.62562499999999,0,0,0,0,1,0,0,0,0,0,0,0,1,1,0,0
81,0,0.24236252545824846,0,1,1,0,1,0,0,0.24236252545824846,81.0,0,0,0,0,1,0,0,0,0,0,0,0,1,0,1,0
82,1,0.24236252545824846,0,1,1,0,1,0,0,0.24236252545824846,90.25,0,0,0,0,1,0,0,0,0,0,0,0,1,0,1,0
83,1,0.24236252545824846,1,1,0,2,1,0,0,0.24236252545824846,60.64515624999999,0,0,0,0,1,0,0,0,0,0,0,0,1,1,0,0
84,0,0.6296296296296297,0,1,3,0,1,0,0,0.6296296296296297,2218.4100000000003,0,0,0,0,1,0,0,0,0,0,0,0,1,0,1,0
85,1,0.47282608695652173,1,1,1,0,1,0,0,0.47282608695652173,110.25,0,0,0,0,0,1,0,0,0,0,0,0,1,1,0,0
86,1,0.24236252545824846,1,2,2,0,0,1,0,0.4847250509164969,251.2225,0,0,0,0,1,0,0,0,0,0,0,0,1,0,0,1
87,0,0.24236252545824846,0,0,3,0,0,0,0,0.0,1181.640625,0,0,0,1,0,0,0,0,0,0,0,0,1,0,1,0
88,0,0.24236252545824846,0,1,1,0,1,0,0,0.24236252545824846,64.80250000000001,0,0,1,0,0,0,0,0,0,0,0,0,1,0,1,0
89,1,0.6296296296296297,1,1,3,0,0,0,0,0.6296296296296297,69169.0,0,0,0,0,1,0,0,1,0,0,0,0,0,1,0,0
90,0,0.24236252545824846,0,1,1,0,1,0,0,0.24236252545824846,64.80250000000001,0,0,0,0,1,0,0,0,0,0,0,0,1,0,1,0
91,0,0.24236252545824846,0,1,1,0,1,0,0,0.24236252545824846,64.80250000000001,0,0,0,0,1,0,0,0,0,0,0,0,1,0,1,0
92,0,0.24236252545824846,0,1,0,0,1,0,0,0.24236252545824846,61.688457639999996,0,0,0,0,1,0,0,0,0,0,0,0,1,0,1,0
93,0,0.6296296296296297,0,2,3,0,0,0,1,1.2592592592592593,3742.380625,0,0,0,0,0,1,0,0,0,1,0,0,0,0,1,0
94,0,0.24236252545824846,0,1,2,0,0,1,0,0.24236252545824846,423.330625,1,0,0,0,0,0,0,0,0,0,0,0,1,0,1,0
95,0,0.24236252545824846,0,3,0,0,1,0,0,0.7270875763747454,52.5625,0,0,0,0,1,0,0,0,0,0,0,0,1,0,1,0
96,0,0.24236252545824846,0,1,1,0,1,0,0,0.24236252545824846,64.80250000000001,0,0,0,0,1,0,0,0,0,0,0,0,1,0,1,0
97,0,0.6296296296296297,0,4,3,1,1,0,0,2.5185185185185186,1200.9135776400003,0,0,0,0,0,1,0,0,0,0,0,0,0,0,1,0
98,1,0.6296296296296297,0,1,3,1,0,0,1,0.6296296296296297,4014.27417889,0,0,0,0,0,1,0,0,1,0,0,0,0,0,1,0
99,1,0.47282608695652173,1,2,2,0,0,0,1,0.9456521739130435,529.0,0,0,0,0,1,0,0,0,0,0,0,0,1,0,0,1
100,0,0.47282608695652173,0,2,2,0,0,0,1,0.9456521739130435,676.0,0,0,0,0,1,0,0,0,0,0,0,0,1,0,1,0
101,0,0.24236252545824846,1,1,0,0,1,0,0,0.24236252545824846,62.34365764,0,0,0,0,1,0,0,0,0,0,0,0,1,1,0,0
102,0,0.24236252545824846,0,1,0,0,1,0,0,0.24236252545824846,62.34365764,0,0,0,0,1,0,0,0,0,0,0,0,1,0,1,0
103,0,0.6296296296296297,0,1,3,0,0,0,1,0.6296296296296297,5973.357656249999,0,0,0,0,1,0,0,0,1,0,0,0,0,0,1,0
104,0,0.24236252545824846,0,2,1,0,1,0,0,0.4847250509164969,74.89517763999999,0,0,0,0,1,0,0,0,0,0,0,0,1,0,1,0
105,0,0.24236252545824846,0,2,1,0,0,0,1,0.4847250509164969,62.805625,0,0,0,0,1,0,0,0,0,0,0,0,1,0,1,0
106,0,0.24236252545824846,0,1,0,0,1,0,0,0.24236252545824846,62.34365764,0,0,0,0,1,0,0,0,0,0,0,0,1,0,1,0
107,1,0.24236252545824846,1,1,0,0,1,0,0,0.24236252545824846,58.52250000000001,0,0,0,0,1,0,0,0,0,0,0,0,1,1,0,0
108,1,0.24236252545824846,0,1,0,0,1,0,0,0.24236252545824846,60.450625,0,0,0,0,1,0,0,0,0,0,0,0,1,0,1,0
109,0,0.24236252545824846,0,2,0,0,1,0,0,0.4847250509164969,62.34365764,0,0,0,0,1,0,0,0,0,0,0,0,1,0,1,0
110,1,0.24236252545824846,1,1,2,2,0,0,1,0.24236252545824846,583.2225,0,0,0,0,1,0,0,0,0,0,0,0,1,1,0,0
111,0,0.6296296296296297,0,2,3,0,1,0,0,1.2592592592592593,2704.0,0,0,0,0,1,0,0,1,0,0,0,0,0,0,1,0
112,0,0.24236252545824846,1,0,2,1,0,0,1,0.0,208.92389764,0,0,0,0,1,0,0,0,0,0,0,0,1,1,0,0
113,0,0.24236252545824846,0,1,1,0,1,0,0,0.24236252545824846,64.80250000000001,0,0,0,0,1,0,0,0,0,0,0,0,1,0,1,0
114,0,0.24236252545824846,1,1,1,0,0,0,1,0.24236252545824846,96.53062499999999,0,0,0,0,1,0,0,0,0,0,0,0,1,1,0,0
115,0,0.24236252545824846,1,1,2,1,1,0,0,0.24236252545824846,209.04243888999997,0,0,0,0,1,0,0,0,0,0,0,0,1,1,0,0
116,0,0.24236252545824846,0,1,1,0,1,0,0,0.24236252545824846,62.805625,0,0,1,0,0,0,0,0,0,0,0,0,1,0,1,0
117,0,0.24236252545824846,0,4,0,2,1,0,0,0.9694501018329938,60.0625,0,0,0,0,1,0,0,0,0,0,0,0,1,0,1,0
118,0,0.47282608695652173,0,1,2,0,0,0,1,0.47282608695652173,441.0,0,0,0,0,1,0,0,0,0,0,0,0,1,0,1,0
119,0,0.6296296296296297,0,1,3,1,0,0,1,0.6296296296296297,61266.54643264,0,0,0,0,0,1,1,0,0,0,0,0,0,0,1,0
120,0,0.24236252545824846,1,0,3,0,0,0,0,0.0,978.1256249999999,0,0,0,0,1,0,0,0,0,0,0,0,1,1,0,0
121,0,0.47282608695652173,0,1,3,0,0,0,1,0.47282608695652173,5402.25,0,0,0,0,0,1,0,0,0,0,0,0,1,0,1,0
122,0,0.24236252545824846,0,1,1,0,1,0,0,0.24236252545824846,64.80250000000001,0,0,0,0,0,0,0,0,0,0,0,0,1,0,1,0
123,0,0.47282608695652173,0,2,2,1,0,0,1,0.9456521739130435,904.25301264,0,0,0,0,1,0,0,0,0,0,0,0,1,0,1,0
124,1,0.47282608695652173,1,2,1,0,1,0,0,0.9456521739130435,169.0,0,0,0,0,1,0,0,0,0,1,0,0,0,1,0,0
125,0,0.6296296296296297,0,3,3,0,0,0,1,1.8888888888888888,5973.357656249999,0,0,0,0,1,0,0,0,1,0,0,0,0,0,1,0
126,1,0.24236252545824846,0,0,1,1,0,0,1,0.0,126.37581888999999,0,0,0,0,1,0,0,0,0,0,0,0,1,0,0,0
127,0,0.24236252545824846,0,1,0,2,1,0,0,0.24236252545824846,60.0625,0,0,0,0,1,0,0,0,0,0,0,0,1,0,1,0
128,1,0.24236252545824846,0,1,0,0,1,0,0,0.24236252545824846,51.00387889,0,0,0,0,0,1,0,0,0,0,0,0,1,0,1,0
129,1,0.24236252545824846,1,1,2,1,0,0,1,0.24236252545824846,499.89357889,0,0,0,0,1,0,0,0,0,0,1,0,0,1,0,0
130,0,0.24236252545824846,0,2,0,0,1,0,0,0.4847250509164969,48.650625,0,0,0,0,1,0,0,0,0,0,0,0,1,0,1,0
131,0,0.24236252545824846,0,2,0,1,1,0,0,0.4847250509164969,62.34365764,0,0,0,0,1,0,0,0,0,0,0,0,1,0,1,0
132,0,0.24236252545824846,0,1,0,0,1,0,0,0.24236252545824846,49.7025,0,0,1,0,0,0,0,0,0,0,0,0,1,0,1,0
133,0,0.24236252545824846,1,2,2,0,0,0,1,0.4847250509164969,210.25,0,0,0,0,0,0,0,0,0,0,0,0,1,0,0,1
134,1,0.47282608695652173,1,1,2,0,0,0,1,0.47282608695652173,676.0,0,0,0,0,1,0,0,0,0,0,0,0,1,0,0,1
135,0,0.47282608695652173,0,1,1,0,1,0,0,0.47282608695652173,169.0,1,0,0,0,0,0,0,0,0,0,0,0,1,0,1,0
136,0,0.47282608695652173,0,1,2,1,1,0,0,0.47282608695652173,226.37609763999998,0,1,0,0,0,0,0,0,0,0,0,0,1,0,1,0
137,1,0.6296296296296297,1,1,2,0,0,0,1,0.6296296296296297,690.81185889,0,0,0,0,1,0,0,0,1,0,0,0,0,1,0,0
138,0,0.6296296296296297,0,2,3,0,0,0,1,1.2592592592592593,2819.61,0,0,0,0,1,0,0,1,0,0,0,0,0,0,1,0
139,0,0.24236252545824846,0,0,1,0,1,0,0,0.0,84.94755889,0,0,0,0,1,0,0,0,0,0,0,0,1,0,1,0
140,0,0.6296296296296297,0,1,3,1,1,0,0,0.6296296296296297,6272.64,0,0,0,0,0,1,1,0,0,0,0,0,0,0,1,0
141,0,0.24236252545824846,1,1,2,1,0,0,1,0.24236252545824846,232.43441763999996,0,0,0,0,1,0,0,0,0,0,0,0,1,0,0,1
142,1,0.24236252545824846,1,1,0,0,1,0,0,0.24236252545824846,60.0625,0,0,0,0,1,0,0,0,0,0,0,0,1,1,0,0
143,1,0.24236252545824846,1,1,2,0,0,0,1,0.24236252545824846,251.2225,0,0,1,0,0,0,0,0,0,0,0,0,1,0,0,1
144,0,0.24236252545824846,0,1,0,2,1,0,0,0.24236252545824846,45.5625,0,0,0,0,1,0,0,0,0,0,0,0,1,0,1,0
145,0,0.47282608695652173,0,1,1,0,1,0,0,0.47282608695652173,132.25,0,0,0,0,1,0,0,0,0,0,0,0,1,0,1,0
146,0,0.47282608695652173,0,1,3,0,0,0,1,0.47282608695652173,1350.5625,1,0,0,0,0,0,0,0,0,0,0,0,1,0,1,0
147,1,0.24236252545824846,0,1,0,0,1,0,0,0.24236252545824846,60.77449764,0,0,0,0,1,0,0,0,0,0,0,0,1,0,1,0
148,0,0.24236252545824846,1,0,3,0,0,0,0,0.0,1181.640625,0,0,0,1,0,0,0,0,0,0,0,0,1,1,0,0
149,0,0.47282608695652173,0,2,2,0,0,0,1,0.9456521739130435,676.0,0,0,0,0,1,0,0,0,0,0,1,0,0,0,1,0
150,0,0.47282608695652173,0,2,1,0,1,0,0,0.9456521739130435,169.0,0,0,0,0,1,0,0,0,0,0,0,0,1,0,1,0
151,0,0.47282608695652173,0,3,1,0,1,0,0,1.4184782608695652,156.875625,0,0,0,0,0,1,0,0,0,0,0,0,1,0,1,0
152,1,0.6296296296296297,1,1,3,0,0,0,1,0.6296296296296297,4435.5599999999995,0,0,0,0,1,0,0,1,0,0,0,0,0,0,0,1
153,0,0.24236252545824846,0,3,1,0,1,0,0,0.7270875763747454,64.80250000000001,0,0,0,0,0,0,0,0,0,0,0,0,1,0,1,0
154,0,0.24236252545824846,0,2,2,0,0,0,1,0.4847250509164969,210.25,0,0,0,0,0,0,0,0,0,0,0,0,1,0,1,0
155,0,0.24236252545824846,0,1,0,0,1,0,0,0.24236252545824846,53.47265625,0,0,0,0,0,1,0,0,0,0,0,0,1,0,1,0
156,0,0.6296296296296297,0,3,3,1,0,0,1,1.8888888888888888,3767.4061926399995,0,0,0,0,0,1,0,0,0,0,0,0,1,0,1,0
157,1,0.24236252545824846,1,0,0,2,1,0,0,0.0,59.803928889999995,0,0,0,0,1,0,0,0,0,0,0,0,1,1,0,0
158,0,0.24236252545824846,0,1,1,0,1,0,0,0.24236252545824846,64.80250000000001,0,0,1,0,0,0,0,0,0,0,0,0,1,0,1,0
159,0,0.24236252545824846,0,1,1,0,1,0,0,0.24236252545824846,75.03890625,0,0,0,0,1,0,0,0,0,0,0,0,1,0,1,0
160,0,0.24236252545824846,0,1,3,0,0,0,0,0.24236252545824846,4837.202499999999,1,0,0,0,0,0,0,0,0,0,0,0,1,0,0,0
161,0,0.24236252545824846,0,2,2,0,0,0,1,0.4847250509164969,259.21000000000004,0,0,0,0,1,0,0,0,0,0,0,0,1,0,1,0
162,1,0.47282608695652173,1,2,2,0,1,0,0,0.9456521739130435,248.0625,1,0,0,0,0,0,0,0,0,0,0,0,1,0,0,1
163,0,0.24236252545824846,0,1,0,0,1,0,0,0.24236252545824846,60.450625,0,0,0,0,1,0,0,0,0,0,0,0,1,0,1,0
164,0,0.24236252545824846,0,1,1,0,1,0,0,0.24236252545824846,75.03890625,0,0,0,0,1,0,0,0,0,0,0,0,1,0,1,0
165,0,0.24236252545824846,0,0,3,0,0,0,0,0.0,1575.09765625,0,0,0,0,1,0,0,0,0,0,0,0,1,0,0,0
166,1,0.24236252545824846,0,0,2,0,0,0,1,0.0,421.27562499999993,0,0,0,0,1,0,0,0,0,0,0,0,1,0,0,0
167,1,0.6296296296296297,1,2,3,0,0,0,1,1.2592592592592593,3025.0,0,0,0,0,1,0,0,0,0,1,0,0,0,0,0,1
168,0,0.24236252545824846,1,2,2,0,0,0,0,0.4847250509164969,778.41,0,0,0,0,1,0,0,0,0,0,0,0,1,0,0,1
169,0,0.6296296296296297,0,2,2,0,1,0,0,1.2592592592592593,672.105625,0,0,0,0,0,1,0,0,0,0,0,0,1,0,1,0
170,0,0.24236252545824846,0,1,3,0,1,0,0,0.24236252545824846,3191.7754176400003,0,0,0,0,1,0,0,0,0,0,0,0,1,0,1,0
171,0,0.6296296296296297,0,3,3,0,1,0,0,1.8888888888888888,1122.25,0,0,0,0,1,0,1,0,0,0,0,0,0,0,1,0
172,0,0.24236252545824846,0,0,2,2,0,0,0,0.0,848.265625,0,0,0,0,1,0,0,0,0,0,0,0,1,0,0,0
173,1,0.24236252545824846,1,0,1,0,0,0,1,0.0,123.95036889000001,0,0,0,0,1,0,0,0,0,0,0,0,1,1,0,0
174,0,0.24236252545824846,0,1,1,0,1,0,0,0.24236252545824846,62.805625,0,0,1,0,0,0,0,0,0,0,0,0,1,0,1,0
175,0,0.6296296296296297,0,3,2,1,1,0,0,1.8888888888888888,942.2321376399999,0,0,0,0,1,0,0,0,0,0,0,0,0,0,1,0
176,0,0.24236252545824846,0,1,0,0,0,0,1,0.24236252545824846,61.688457639999996,0,0,0,0,1,0,0,0,0,0,0,0,1,0,1,0
177,0,0.24236252545824846,0,1,2,0,0,0,0,0.24236252545824846,648.5528088899999,0,0,0,0,1,0,0,0,0,0,0,0,1,0,0,0
178,0,0.6296296296296297,1,3,2,1,1,0,0,1.8888888888888888,824.40765625,0,0,0,0,0,1,0,1,0,0,0,0,0,1,0,0
179,0,0.47282608695652173,0,1,1,0,1,0,0,0.47282608695652173,169.0,0,0,0,0,1,0,0,0,0,0,0,0,1,0,1,0
180,0,0.24236252545824846,0,2,0,0,1,0,0,0.4847250509164969,0.0,0,0,0,0,1,0,0,0,0,0,0,0,1,0,1,0
181,0,0.24236252545824846,1,1,3,0,0,0,0,0.24236252545824846,4837.202499999999,1,0,0,0,0,0,0,0,0,0,0,0,1,1,0,0
182,0,0.47282608695652173,0,1,2,1,1,0,0,0.47282608695652173,226.50250000000003,0,1,0,0,0,0,0,0,0,0,0,0,1,0,1,0
183,0,0.24236252545824846,0,0,3,0,0,0,0,0.0,985.17515625,0,0,0,0,1,0,0,0,0,0,0,0,1,0,0,0
184,1,0.47282608695652173,0,0,3,0,0,1,0,0.0,1521.0,0,0,0,0,1,0,0,0,0,0,1,0,0,0,0,0
185,1,0.24236252545824846,1,0,2,0,0,0,1,0.0,485.1006249999999,0,0,0,0,1,0,0,0,0,0,0,0,1,1,0,0
186,0,0.6296296296296297,0,2,3,0,1,0,0,1.2592592592592593,2500.0,0,0,0,0,1,0,0,0,0,0,0,0,0,0,1,0
187,1,0.24236252545824846,1,1,2,2,0,0,1,0.24236252545824846,240.25,0,0,0,0,1,0,0,0,0,0,0,0,1,0,0,1
188,1,0.6296296296296297,0,2,2,0,1,0,0,1.2592592592592593,704.9025,0,0,0,0,1,0,0,0,0,0,0,0,1,0,1,0
189,0,0.24236252545824846,0,2,2,2,0,0,1,0.4847250509164969,240.25,0,0,0,0,1,0,0,0,0,0,0,0,1,0,1,0
190,0,0.24236252545824846,0,2,0,0,1,0,0,0.4847250509164969,62.34365764,0,0,0,0,1,0,0,0,0,0,0,0,1,0,1,0
191,1,0.47282608695652173,1,1,1,0,1,0,0,0.47282608695652173,169.0,0,0,0,0,1,0,0,0,0,0,0,0,1,0,0,1
192,0,0.47282608695652173,0,1,1,0,1,0,0,0.47282608695652173,169.0,0,0,0,0,1,0,0,0,0,0,0,0,1,0,1,0
193,1,0.24236252545824846,1,1,0,0,0,0,1,0.24236252545824846,61.688457639999996,0,0,0,0,1,0,0,0,0,0,0,0,1,1,0,0
194,1,0.47282608695652173,0,0,2,0,0,0,1,0.0,676.0,0,0,0,0,1,0,0,0,0,0,1,0,0,0,0,0
195,1,0.6296296296296297,1,2,2,1,1,0,0,1.2592592592592593,768.44275264,0,0,0,0,0,1,1,0,0,0,0,0,0,0,0,1
196,1,0.6296296296296297,1,3,3,1,1,0,0,1.8888888888888888,21468.344832640003,0,0,0,0,0,1,1,0,0,0,0,0,0,1,0,0
197,0,0.24236252545824846,0,1,0,2,1,0,0,0.24236252545824846,60.0625,0,0,0,0,1,0,0,0,0,0,0,0,1,0,1,0
198,0,0.24236252545824846,0,2,1,0,0,0,1,0.4847250509164969,70.63057763999998,0,0,0,0,1,0,0,0,0,0,0,0,1,0,1,0
199,1,0.24236252545824846,1,1,0,2,1,0,0,0.24236252545824846,60.0625,0,0,0,0,1,0,0,0,0,0,0,0,1,1,0,0
200,0,0.47282608695652173,1,1,1,0,1,0,0,0.47282608695652173,169.0,0,0,0,0,1,0,0,0,0,0,0,0,1,1,0,0
201,0,0.24236252545824846,0,1,1,0,1,0,0,0.24236252545824846,90.25,0,0,0,0,1,0,0,0,0,0,0,0,1,0,1,0
202,0,0.24236252545824846,0,1,3,0,0,0,0,0.24236252545824846,4837.202499999999,1,0,0,0,0,0,0,0,0,0,0,0,1,0,1,0
203,0,0.24236252545824846,0,2,0,0,1,0,0,0.4847250509164969,42.19541764,0,0,0,0,1,0,0,0,0,0,0,0,1,0,1,0
204,0,0.24236252545824846,0,2,0,1,1,0,0,0.4847250509164969,52.200624999999995,0,0,0,0,1,0,0,0,0,0,0,0,1,0,1,0
205,1,0.24236252545824846,0,1,1,0,1,0,0,0.24236252545824846,64.80250000000001,0,0,0,0,0,0,0,0,0,0,0,0,1,0,1,0
206,0,0.24236252545824846,1,0,1,0,0,0,1,0.0,109.46390625000001,0,0,0,0,1,0,0,0,0,0,0,1,0,1,0,0
207,0,0.24236252545824846,0,1,2,0,0,0,1,0.24236252545824846,251.2225,0,0,0,0,1,0,0,0,0,0,0,0,1,0,1,0
208,1,0.24236252545824846,0,1,2,1,1,0,0,0.24236252545824846,352.97015625000006,0,0,0,0,1,0,0,0,0,0,0,0,1,0,1,0
209,1,0.24236252545824846,1,0,0,2,1,0,0,0.0,60.0625,0,0,0,0,1,0,0,0,0,0,0,0,1,1,0,0
210,1,0.6296296296296297,0,2,2,1,1,0,0,1.2592592592592593,961.0,0,0,0,0,1,0,0,0,0,0,0,0,0,0,1,0
211,0,0.24236252545824846,0,1,0,0,1,0,0,0.24236252545824846,49.7025,0,0,1,0,0,0,0,0,0,0,0,0,1,0,1,0
212,1,0.47282608695652173,1,2,2,0,1,0,0,0.9456521739130435,441.0,0,0,0,0,0,1,0,0,0,0,0,0,1,1,0,0
213,0,0.24236252545824846,0,1,0,0,1,0,0,0.24236252545824846,52.5625,0,0,0,0,0,0,0,0,0,0,0,0,1,0,1,0
214,0,0.47282608695652173,0,1,1,0,1,0,0,0.47282608695652173,169.0,0,0,0,0,1,0,0,0,0,0,0,0,1,0,1,0
215,0,0.24236252545824846,0,1,0,2,0,0,1,0.24236252545824846,60.0625,0,0,0,0,1,0,0,0,0,0,0,0,1,0,1,0
216,1,0.6296296296296297,1,1,3,1,0,0,1,0.6296296296296297,12831.225625000001,0,0,0,0,1,0,0,0,1,0,0,0,0,1,0,0
217,1,0.24236252545824846,1,1,1,0,1,0,0,0.24236252545824846,62.805625,0,0,1,0,0,0,0,0,0,0,0,0,1,1,0,0
218,0,0.47282608695652173,0,2,2,0,0,0,1,0.9456521739130435,729.0,0,0,0,0,1,0,0,0,0,0,0,0,1,0,1,0
219,1,0.6296296296296297,1,1,3,1,1,0,0,0.6296296296296297,5820.423488890001,0,0,0,0,1,0,0,0,1,0,0,0,0,1,0,0
220,0,0.47282608695652173,0,1,1,0,1,0,0,0.47282608695652173,110.25,0,0,0,1,0,0,0,0,0,0,0,0,1,0,1,0
221,1,0.24236252545824846,0,0,1,0,1,0,0,0.0,64.80250000000001,0,0,1,0,0,0,0,0,0,0,0,0,1,0,1,0
222,0,0.47282608695652173,0,1,1,0,1,0,0,0.47282608695652173,169.0,0,0,0,0,1,0,0,0,0,0,0,0,1,0,1,0
223,0,0.24236252545824846,0,3,1,0,1,0,0,0.7270875763747454,64.80250000000001,0,0,0,0,1,0,0,0,0,0,0,0,1,0,1,0
224,0,0.24236252545824846,0,1,0,0,1,0,0,0.24236252545824846,62.34365764,0,0,0,0,1,0,0,0,0,0,0,0,1,0,1,0
225,1,0.6296296296296297,0,2,3,0,0,0,1,1.2592592592592593,8100.0,0,0,0,0,1,0,0,1,0,0,0,0,0,0,1,0
226,0,0.24236252545824846,0,1,1,0,1,0,0,0.24236252545824846,87.4225,0,0,0,0,0,1,0,0,0,0,0,0,1,0,1,0
227,1,0.47282608695652173,0,1,1,0,1,0,0,0.47282608695652173,110.25,0,0,0,0,0,1,0,0,0,0,0,0,1,0,1,0
228,0,0.24236252545824846,0,1,0,0,1,0,0,0.24236252545824846,52.5625,0,0,0,0,0,0,0,0,0,0,0,0,1,0,1,0
229,0,0.47282608695652173,0,1,1,0,1,0,0,0.47282608695652173,169.0,0,0,0,0,1,0,0,0,0,0,0,0,1,0,1,0
230,0,0.24236252545824846,1,1,2,0,0,0,0,0.24236252545824846,648.5528088899999,0,0,0,0,1,0,0,0,0,0,0,0,1,1,0,0
231,1,0.6296296296296297,1,2,3,0,0,0,1,1.2592592592592593,6968.0756249999995,0,0,0,0,1,0,0,1,0,0,0,0,0,0,0,1
232,0,0.24236252545824846,0,1,0,0,1,0,0,0.24236252545824846,60.450625,0,0,0,0,1,0,0,0,0,0,0,0,1,0,1,0
233,0,0.47282608695652173,0,3,1,0,1,0,0,1.4184782608695652,182.25,0,0,0,0,1,0,0,0,0,0,0,0,1,0,1,0
234,1,0.24236252545824846,1,0,3,0,0,0,0,0.0,985.17515625,0,0,0,0,1,0,0,0,0,0,0,0,1,1,0,0
235,0,0.47282608695652173,0,1,1,0,1,0,0,0.47282608695652173,110.25,1,0,0,0,0,0,0,0,0,0,0,0,1,0,1,0
236,0,0.24236252545824846,1,1,0,0,1,0,0,0.24236252545824846,57.0025,0,0,0,1,0,0,0,0,0,0,0,0,1,1,0,0
237,0,0.47282608695652173,0,2,2,0,0,0,1,0.9456521739130435,676.0,0,0,0,0,1,0,0,0,0,0,0,0,1,0,1,0
238,1,0.47282608695652173,1,0,2,0,0,0,1,0.0,689.0625,1,0,0,0,0,0,0,0,0,0,0,0,1,1,0,0
239,0,0.47282608695652173,0,1,1,0,1,0,0,0.47282608695652173,110.25,0,0,0,0,1,0,0,0,0,0,0,0,1,0,1,0
240,0,0.47282608695652173,0,2,1,0,1,0,0,0.9456521739130435,150.675625,0,0,0,0,0,1,0,0,0,0,0,0,1,0,1,0
241,0,0.24236252545824846,1,1,2,1,0,0,1,0.24236252545824846,208.92389764,0,0,0,0,1,0,0,0,0,0,0,0,1,1,0,0
242,1,0.24236252545824846,1,1,2,2,0,0,1,0.24236252545824846,240.25,0,0,0,0,1,0,0,0,0,0,0,0,1,1,0,0
243,0,0.47282608695652173,0,1,1,0,1,0,0,0.47282608695652173,110.25,0,0,0,1,0,0,0,0,0,0,0,0,1,0,1,0
244,0,0.24236252545824846,0,1,0,0,1,0,0,0.24236252545824846,50.765625,0,0,1,0,0,0,0,0,0,0,0,0,1,0,1,0
245,0,0.24236252545824846,0,1,0,1,1,0,0,0.24236252545824846,52.200624999999995,0,0,0,0,1,0,0,0,0,0,0,0,1,0,1,0
246,0,0.6296296296296297,0,2,3,2,0,0,1,1.2592592592592593,8100.0,0,0,0,0,1,0,0,1,0,0,0,0,0,0,1,0
247,0,0.24236252545824846,1,1,0,0,1,0,0,0.24236252545824846,60.450625,0,0,0,0,1,0,0,0,0,0,0,0,1,1,0,0
248,1,0.47282608695652173,1,1,2,0,0,0,1,0.47282608695652173,210.25,0,0,0,0,1,0,0,0,0,0,0,0,1,0,0,1
249,1,0.6296296296296297,0,2,3,0,0,0,1,1.2592592592592593,2761.94393764,0,0,0,0,1,0,0,0,1,0,0,0,0,0,1,0
250,0,0.47282608695652173,0,3,2,0,0,0,1,1.4184782608695652,676.0,0,0,0,0,1,0,0,0,0,0,0,0,1,0,1,0
251,0,0.24236252545824846,0,1,0,0,1,0,0,0.24236252545824846,52.5625,0,0,0,0,1,0,0,0,0,0,0,0,1,0,1,0
252,0,0.24236252545824846,1,1,1,0,0,0,1,0.24236252545824846,109.46390625000001,0,0,0,0,1,0,0,0,0,0,0,1,0,0,0,1
253,0,0.6296296296296297,0,3,2,0,1,0,0,1.8888888888888888,704.9025,0,0,0,0,1,0,0,1,0,0,0,0,0,0,1,0
254,0,0.24236252545824846,0,1,2,0,0,0,1,0.24236252545824846,259.21000000000004,0,0,0,0,0,0,0,0,0,0,0,0,1,0,1,0
255,0,0.24236252545824846,1,2,2,0,0,0,1,0.4847250509164969,408.54515624999993,0,0,0,0,1,0,0,0,0,0,0,0,1,0,0,1
256,1,0.24236252545824846,1,1,2,1,0,0,1,0.24236252545824846,232.43441763999996,0,0,0,0,1,0,0,0,0,0,0,0,1,0,0,1
257,1,0.6296296296296297,1,2,3,1,1,0,0,1.2592592592592593,6272.64,0,0,0,0,0,1,0,0,0,0,0,0,1,0,0,1
258,1,0.6296296296296297,1,1,3,0,1,0,0,0.6296296296296297,7482.25,0,0,0,0,1,0,1,0,0,0,0,0,0,1,0,0
259,1,0.6296296296296297,1,2,3,1,1,0,0,1.2592592592592593,262481.20917264,0,0,0,0,0,1,0,0,0,0,0,0,1,1,0,0
260,1,0.47282608695652173,1,3,2,0,0,0,1,1.4184782608695652,676.0,0,0,0,0,1,0,0,0,0,0,0,0,1,0,0,1
261,0,0.24236252545824846,0,1,0,2,1,0,0,0.24236252545824846,60.0625,0,0,0,0,1,0,0,0,0,0,0,0,1,0,1,0
262,1,0.24236252545824846,0,0,3,0,0,0,0,0.0,985.17515625,0,0,0,0,1,0,0,0,0,0,0,0,1,0,0,0
263,0,0.6296296296296297,0,3,3,0,0,0,1,1.8888888888888888,6344.122500000001,0,0,0,0,1,0,0,0,0,1,0,0,0,0,1,0
264,0,0.6296296296296297,0,2,0,0,1,0,0,1.2592592592592593,0.0,0,0,0,0,1,0,1,0,0,0,0,0,0,0,1,0
265,0,0.24236252545824846,1,1,0,2,1,0,0,0.24236252545824846,60.0625,0,0,0,0,1,0,0,0,0,0,0,0,1,1,0,0
266,0,0.47282608695652173,0,2,1,0,1,0,0,0.9456521739130435,110.25,1,0,0,0,0,0,0,0,0,0,0,0,1,0,1,0
267,0,0.24236252545824846,0,0,3,0,0,0,0,0.0,1575.09765625,0,0,0,0,1,0,0,0,0,0,0,0,1,0,1,0
268,1,0.24236252545824846,0,1,0,0,0,0,1,0.24236252545824846,60.450625,0,0,0,0,1,0,0,0,0,0,0,0,1,0,1,0
269,1,0.6296296296296297,1,3,3,0,0,0,1,1.8888888888888888,23550.73890625,0,0,0,0,0,1,0,1,0,0,0,0,0,0,0,1
270,1,0.6296296296296297,1,2,3,0,1,0,0,1.2592592592592593,18396.392068889996,0,0,0,0,0,1,0,1,0,0,0,0,0,1,0,0
271,0,0.6296296296296297,0,2,2,0,1,0,0,1.2592592592592593,961.0,0,0,0,0,1,0,0,0,0,0,0,0,1,0,1,0
272,1,0.24236252545824846,0,1,0,0,1,0,0,0.24236252545824846,0.0,0,0,0,0,1,0,0,0,0,0,0,0,1,0,1,0
273,1,0.47282608695652173,1,2,2,0,0,0,1,0.9456521739130435,380.25,0,0,0,0,1,0,0,0,0,0,0,0,1,0,0,1
274,0,0.6296296296296297,0,2,2,1,0,0,1,1.2592592592592593,882.0899999999999,0,0,0,0,0,1,0,1,0,0,0,0,0,0,1,0
275,1,0.24236252545824846,1,1,0,2,1,0,0,0.24236252545824846,60.0625,0,0,0,0,1,0,0,0,0,0,0,0,1,1,0,0
276,1,0.6296296296296297,1,3,3,0,0,0,1,1.8888888888888888,6077.496538889999,0,0,0,0,1,0,0,0,1,0,0,0,0,1,0,0
277,0,0.24236252545824846,1,2,0,0,1,0,0,0.4847250509164969,60.0625,0,0,0,0,1,0,0,0,0,0,0,0,1,1,0,0
278,0,0.47282608695652173,0,1,0,0,1,0,0,0.47282608695652173,0.0,0,0,0,0,1,0,0,0,0,0,0,0,1,0,1,0
279,0,0.24236252545824846,0,0,2,2,0,0,0,0.0,848.265625,0,0,0,0,1,0,0,0,0,0,0,0,1,0,0,0
280,1,0.24236252545824846,1,2,2,0,0,0,1,0.4847250509164969,410.0625,1,0,0,0,0,0,0,0,0,0,0,0,1,0,0,1
281,0,0.24236252545824846,0,4,0,2,1,0,0,0.9694501018329938,60.0625,0,0,0,0,1,0,0,0,0,0,0,0,1,0,1,0
282,0,0.24236252545824846,0,1,0,0,1,0,0,0.24236252545824846,61.688457639999996,0,0,0,0,1,0,0,0,0,0,0,0,1,0,1,0
283,0,0.24236252545824846,0,0,1,0,1,0,0,0.0,90.25,0,0,0,0,1,0,0,0,0,0,0,0,1,0,1,0
284,1,0.24236252545824846,0,1,1,0,1,0,0,0.24236252545824846,64.80250000000001,0,0,0,0,0,0,0,0,0,0,0,0,1,0,1,0
285,0,0.6296296296296297,0,2,2,0,1,0,0,1.2592592592592593,676.0,0,0,0,0,1,0,0,0,0,0,0,0,0,0,1,0
286,0,0.24236252545824846,0,2,1,1,1,0,0,0.4847250509164969,75.03890625,0,0,0,0,1,0,0,0,0,0,0,0,1,0,1,0
287,1,0.24236252545824846,0,1,1,0,1,0,0,0.24236252545824846,90.25,0,0,0,0,1,0,0,0,0,0,0,0,1,0,1,0
288,0,0.24236252545824846,0,1,0,0,1,0,0,0.24236252545824846,62.34365764,0,0,0,0,1,0,0,0,0,0,0,0,1,0,1,0
289,1,0.47282608695652173,0,2,1,0,1,0,0,0.9456521739130435,169.0,0,0,0,0,1,0,0,0,0,0,0,0,1,0,1,0
290,1,0.24236252545824846,1,1,0,2,1,0,0,0.24236252545824846,60.0625,0,0,0,0,1,0,0,0,0,0,0,0,1,1,0,0
291,1,0.6296296296296297,1,1,3,0,1,0,0,0.6296296296296297,6217.322499999999,0,0,0,0,1,0,0,0,0,0,0,0,1,1,0,0
292,1,0.6296296296296297,1,1,3,1,0,0,1,0.6296296296296297,8295.42067264,0,0,0,0,1,0,1,0,0,0,0,0,0,0,0,1
293,0,0.47282608695652173,0,2,1,1,1,0,0,0.9456521739130435,165.765625,0,1,0,0,0,0,0,0,1,0,0,0,0,0,1,0
294,0,0.24236252545824846,1,1,1,0,1,0,0,0.24236252545824846,78.32249999999999,0,0,0,0,1,0,0,0,0,0,0,0,1,1,0,0
295,0,0.24236252545824846,0,1,0,0,1,0,0,0.24236252545824846,62.34365764,0,0,0,0,1,0,0,0,0,0,0,0,1,0,1,0
296,0,0.6296296296296297,0,2,2,1,1,0,0,1.2592592592592593,768.44275264,0,0,0,0,0,1,0,0,0,0,0,0,1,0,1,0
297,0,0.24236252545824846,0,1,0,1,1,0,0,0.24236252545824846,52.26133263999999,0,0,0,0,1,0,0,0,0,0,0,0,1,0,1,0
298,0,0.6296296296296297,1,0,3,0,0,1,0,0.0,22967.402500000004,0,0,0,0,1,0,0,1,0,0,0,0,0,1,0,0
299,1,0.6296296296296297,0,2,2,0,1,0,0,1.2592592592592593,930.25,0,0,0,0,1,0,0,1,0,0,0,0,0,0,1,0
300,1,0.6296296296296297,1,3,3,1,0,0,1,1.8888888888888888,61266.54643264,0,0,0,0,0,1,1,0,0,0,0,0,0,0,0,1
301,1,0.24236252545824846,1,1,0,2,1,0,0,0.24236252545824846,60.0625,0,0,0,0,1,0,0,0,0,0,0,0,1,1,0,0
302,1,0.24236252545824846,0,1,2,2,0,0,1,0.24236252545824846,540.5625,0,0,0,0,1,0,0,0,0,0,0,0,1,0,1,0
303,0,0.24236252545824846,0,1,0,0,1,0,0,0.24236252545824846,0.0,0,0,0,0,1,0,0,0,0,0,0,0,1,0,1,0
304,1,0.47282608695652173,1,1,1,2,1,0,0,0.47282608695652173,152.52249999999998,0,0,0,0,1,0,0,0,0,1,0,0,0,1,0,0
305,0,0.24236252545824846,0,1,1,0,1,0,0,0.24236252545824846,64.80250000000001,0,0,0,0,0,0,0,0,0,0,0,0,1,0,1,0
306,1,0.6296296296296297,0,0,3,0,0,1,0,0.0,22967.402500000004,0,0,0,0,1,0,0,1,0,0,0,0,0,0,0,0
307,1,0.6296296296296297,1,2,3,1,1,0,0,1.2592592592592593,12295.106218890001,0,0,0,0,1,0,0,0,0,0,0,0,1,1,0,0
308,1,0.6296296296296297,1,1,3,1,0,0,1,0.6296296296296297,11859.210000000001,0,0,0,0,0,1,0,1,0,0,0,0,0,0,0,1
309,0,0.47282608695652173,0,1,2,1,0,0,1,0.47282608695652173,576.0,0,0,0,0,0,1,0,0,0,0,0,0,1,0,1,0
310,1,0.6296296296296297,1,1,3,1,1,0,0,0.6296296296296297,3240.9338126400003,0,0,0,0,0,1,0,0,0,1,0,0,0,1,0,0
311,1,0.6296296296296297,1,1,3,1,1,0,0,0.6296296296296297,6915.30285889,0,0,0,0,1,0,0,1,0,0,0,0,0,1,0,0
312,1,0.6296296296296297,1,1,3,1,0,0,0,0.6296296296296297,68840.640625,0,0,0,0,0,1,1,0,0,0,0,0,0,1,0,0
313,0,0.47282608695652173,1,1,2,0,0,0,1,0.47282608695652173,676.0,0,0,0,0,1,0,0,0,0,0,0,0,1,0,0,1
314,0,0.24236252545824846,0,1,0,0,1,0,0,0.24236252545824846,62.34365764,0,0,0,0,1,0,0,0,0,0,0,0,1,0,1,0
315,0,0.47282608695652173,0,2,2,0,0,0,1,0.9456521739130435,689.0625,0,0,0,0,0,1,0,0,0,0,0,0,1,0,1,0
316,1,0.24236252545824846,1,1,0,0,1,0,0,0.24236252545824846,61.688457639999996,0,0,0,0,1,0,0,0,0,0,0,0,1,1,0,0
317,1,0.47282608695652173,1,1,2,0,0,0,1,0.47282608695652173,676.0,0,0,0,0,1,0,0,0,0,0,0,0,1,0,0,1
318,0,0.47282608695652173,0,3,1,0,1,0,0,1.4184782608695652,196.0,0,0,0,0,1,0,0,0,0,0,0,0,1,0,1,0
319,1,0.6296296296296297,1,1,3,0,0,0,1,0.6296296296296297,27181.028768890003,0,0,0,0,1,0,0,1,0,0,0,0,0,1,0,0
320,1,0.6296296296296297,1,2,3,1,0,0,1,1.2592592592592593,18090.25,0,0,0,0,1,0,0,0,0,1,0,0,0,0,0,1
321,0,0.24236252545824846,0,1,0,0,1,0,0,0.24236252545824846,52.5625,0,0,0,0,0,0,0,0,0,0,0,0,1,0,1,0
322,0,0.24236252545824846,0,1,0,0,1,0,0,0.24236252545824846,62.34365764,0,0,0,0,1,0,0,0,0,0,0,0,1,0,1,0
323,1,0.47282608695652173,1,1,1,2,1,0,0,0.47282608695652173,152.52249999999998,0,0,0,0,1,0,0,0,0,0,0,0,1,1,0,0
324,1,0.47282608695652173,1,1,2,0,0,0,1,0.47282608695652173,841.0,0,0,0,0,1,0,0,0,0,0,0,0,1,0,0,1
325,0,0.24236252545824846,0,1,3,0,0,0,0,0.24236252545824846,4837.202499999999,1,0,0,0,0,0,0,0,0,0,0,0,1,0,1,0
326,1,0.6296296296296297,1,2,3,1,1,0,0,1.2592592592592593,18396.392068889996,0,0,0,0,0,1,0,1,0,0,0,0,0,1,0,0
327,0,0.24236252545824846,0,3,0,0,1,0,0,0.7270875763747454,38.906406249999996,0,0,0,0,1,0,0,0,0,0,0,0,1,0,1,0
328,1,0.47282608695652173,1,2,1,0,1,0,0,0.9456521739130435,169.0,0,0,0,0,1,0,0,0,1,0,0,0,0,0,0,1
329,1,0.24236252545824846,1,1,2,0,0,0,1,0.24236252545824846,421.27562499999993,0,0,0,0,1,0,0,0,0,0,0,0,1,0,0,1
330,1,0.6296296296296297,1,0,3,1,0,0,1,0.0,3361.58763264,0,0,0,0,1,0,1,0,0,0,0,0,0,1,0,0
331,1,0.24236252545824846,1,1,2,2,0,0,1,0.24236252545824846,540.5625,0,0,0,0,1,0,0,0,0,0,0,0,1,1,0,0
332,0,0.6296296296296297,0,2,2,0,1,0,0,1.2592592592592593,812.25,0,0,0,0,1,0,0,1,0,0,0,0,0,0,1,0
333,0,0.6296296296296297,0,2,3,0,0,0,1,1.2592592592592593,23550.73890625,0,0,0,0,0,1,0,1,0,0,0,0,0,0,1,0
334,0,0.24236252545824846,0,0,2,0,0,0,1,0.0,324.0,0,0,0,0,1,0,0,0,0,0,0,0,1,0,1,0
335,1,0.6296296296296297,1,2,3,0,0,0,1,1.2592592592592593,17862.322500000002,0,0,0,0,0,1,0,0,0,0,0,0,1,0,0,1
336,0,0.24236252545824846,0,1,0,0,1,0,0,0.24236252545824846,62.34365764,0,0,0,0,1,0,0,0,0,0,0,0,1,0,1,0
337,0,0.6296296296296297,0,1,3,0,0,0,1,0.6296296296296297,4435.5599999999995,0,0,0,0,1,0,0,1,0,0,0,0,0,0,1,0
338,1,0.6296296296296297,1,2,3,1,1,0,0,1.2592592592592593,18090.25,0,0,0,0,1,0,0,0,0,1,0,0,0,1,0,0
339,1,0.24236252545824846,0,2,1,0,1,0,0,0.4847250509164969,64.80250000000001,0,0,0,0,1,0,0,0,0,0,0,0,1,0,1,0
340,0,0.6296296296296297,0,2,3,0,1,0,0,1.2592592592592593,1260.25,0,0,0,0,1,0,0,0,0,0,0,0,1,0,1,0
341,1,0.47282608695652173,0,0,2,0,0,0,1,0.0,676.0,0,0,0,0,1,0,0,0,0,0,1,0,0,0,0,0
342,1,0.6296296296296297,1,1,3,0,0,0,0,0.6296296296296297,69169.0,0,0,0,0,1,0,0,1,0,0,0,0,0,1,0,0
343,0,0.47282608695652173,0,1,1,0,1,0,0,0.47282608695652173,169.0,0,0,0,0,1,0,0,0,0,0,0,0,1,0,1,0
344,0,0.47282608695652173,0,1,1,0,1,0,0,0.47282608695652173,169.0,0,0,0,0,1,0,0,0,0,0,0,0,1,0,1,0
345,0,0.47282608695652173,0,2,1,0,1,0,0,0.9456521739130435,169.0,0,0,0,0,1,0,0,0,0,0,0,0,1,0,1,0
346,1,0.47282608695652173,1,1,1,0,1,0,0,0.47282608695652173,169.0,0,0,0,0,1,0,0,0,0,0,1,0,0,1,0,0
347,1,0.47282608695652173,1,2,1,0,1,0,0,0.9456521739130435,169.0,0,0,0,0,1,0,0,0,0,0,0,0,1,1,0,0
348,1,0.24236252545824846,1,1,2,0,0,0,1,0.24236252545824846,259.21000000000004,0,0,0,0,1,0,0,0,0,0,0,0,1,0,0,1
349,1,0.24236252545824846,0,0,2,0,0,0,1,0.0,252.81,1,0,0,0,0,0,0,0,0,0,0,0,1,0,0,0
350,0,0.24236252545824846,0,2,1,0,1,0,0,0.4847250509164969,75.03890625,0,0,0,0,1,0,0,0,0,0,0,0,1,0,1,0
351,0,0.24236252545824846,0,1,1,0,1,0,0,0.24236252545824846,85.100625,0,0,0,0,1,0,0,0,0,0,0,0,1,0,1,0
352,0,0.6296296296296297,0,2,3,0,1,0,0,1.2592592592592593,1225.0,0,0,0,0,1,0,0,1,0,0,0,0,0,0,1,0
353,0,0.24236252545824846,0,0,0,1,0,0,1,0.0,52.26133263999999,0,0,0,0,1,0,0,0,0,0,0,0,1,0,1,0
354,0,0.24236252545824846,0,1,2,0,0,0,1,0.24236252545824846,316.84000000000003,0,0,0,0,1,0,0,0,0,0,0,0,1,0,1,0
355,0,0.24236252545824846,0,1,0,1,1,0,0,0.24236252545824846,52.200624999999995,0,0,0,0,1,0,0,0,0,0,0,0,1,0,1,0
356,0,0.24236252545824846,0,1,1,0,1,0,0,0.24236252545824846,90.25,0,0,0,0,1,0,0,0,0,0,0,0,1,0,1,0
357,1,0.6296296296296297,1,1,3,0,0,0,1,0.6296296296296297,3025.0,0,0,0,0,1,0,0,0,0,1,0,0,0,1,0,0
358,0,0.47282608695652173,1,2,1,0,1,0,0,0.9456521739130435,169.0,0,0,0,0,1,0,0,0,0,0,0,0,1,1,0,0
359,1,0.24236252545824846,1,1,0,2,1,0,0,0.24236252545824846,62.081792639999996,0,0,0,0,1,0,0,0,0,0,0,0,1,1,0,0
360,1,0.24236252545824846,1,1,0,2,1,0,0,0.24236252545824846,62.081792639999996,0,0,0,0,1,0,0,0,0,0,0,0,1,1,0,0
361,0,0.24236252545824846,0,2,2,0,0,0,0,0.4847250509164969,778.41,0,0,0,0,1,0,0,0,0,0,0,0,1,0,1,0
362,0,0.47282608695652173,0,1,2,1,0,0,1,0.47282608695652173,768.44275264,0,1,0,0,0,0,0,0,0,0,0,0,1,0,1,0
363,0,0.24236252545824846,1,2,2,1,0,0,1,0.4847250509164969,208.92389764,0,0,0,0,1,0,0,0,0,0,0,0,1,0,0,1
364,0,0.24236252545824846,0,2,0,0,1,0,0,0.4847250509164969,49.7025,0,0,1,0,0,0,0,0,0,0,0,0,1,0,1,0
365,0,0.24236252545824846,0,1,2,2,0,0,1,0.24236252545824846,240.25,0,0,0,0,1,0,0,0,0,0,0,0,1,0,1,0
366,0,0.24236252545824846,0,1,0,0,1,0,0,0.24236252545824846,52.5625,0,0,0,0,0,1,0,0,0,0,0,0,1,0,1,0
367,1,0.6296296296296297,1,3,3,1,0,0,1,1.8888888888888888,5662.5625,0,0,0,0,1,0,0,0,1,0,0,0,0,0,0,1
368,1,0.24236252545824846,1,1,0,1,1,0,0,0.24236252545824846,52.26133263999999,0,0,0,0,1,0,0,0,0,0,0,0,1,0,0,1
369,1,0.24236252545824846,1,1,0,2,1,0,0,0.24236252545824846,60.0625,0,0,0,0,1,0,0,0,0,0,0,0,1,1,0,0
370,1,0.6296296296296297,1,1,3,1,1,0,0,0.6296296296296297,4802.49,0,0,0,0,0,1,1,0,0,0,0,0,0,0,0,1
371,1,0.6296296296296297,0,1,3,1,0,0,1,0.6296296296296297,3073.78209889,0,0,0,0,1,0,0,0,0,1,0,0,0,0,1,0
372,0,0.24236252545824846,0,1,0,0,0,0,1,0.24236252545824846,42.19541764,0,0,0,0,1,0,0,0,0,0,0,0,1,0,1,0
373,0,0.24236252545824846,0,1,1,0,1,0,0,0.24236252545824846,64.80250000000001,0,0,0,0,1,0,0,0,0,0,0,0,1,0,1,0
374,0,0.6296296296296297,0,1,3,1,1,0,0,0.6296296296296297,18396.392068889996,0,0,0,0,0,1,0,0,0,0,0,0,1,0,1,0
375,0,0.24236252545824846,1,0,2,0,0,0,0,0.0,444.155625,0,0,0,0,1,0,0,0,0,0,0,0,1,1,0,0
376,1,0.6296296296296297,1,2,3,1,0,0,1,1.2592592592592593,6752.04037264,0,0,0,0,0,1,0,0,0,0,0,0,1,0,0,1
377,1,0.24236252545824846,1,1,0,0,1,0,0,0.24236252545824846,52.5625,0,0,0,0,0,1,0,0,0,0,0,0,1,1,0,0
378,0,0.6296296296296297,0,1,3,1,0,0,1,0.6296296296296297,44732.25,0,0,0,0,1,0,0,1,0,0,0,0,0,0,1,0
379,0,0.24236252545824846,0,1,0,1,1,0,0,0.24236252545824846,16.10015625,0,0,0,0,1,0,0,0,0,0,0,0,1,0,1,0
380,0,0.24236252545824846,0,1,0,0,1,0,0,0.24236252545824846,60.450625,0,0,0,0,1,0,0,0,0,0,0,0,1,0,1,0
381,1,0.6296296296296297,1,2,3,1,1,0,0,1.2592592592592593,51767.625625,0,0,0,0,0,1,0,0,0,0,0,0,1,1,0,0
382,1,0.24236252545824846,1,0,2,1,0,0,1,0.0,247.80111889,0,0,0,0,1,0,0,0,0,0,0,0,1,1,0,0
383,0,0.24236252545824846,0,1,1,0,1,0,0,0.24236252545824846,62.805625,0,0,1,0,0,0,0,0,0,0,0,0,1,0,1,0
384,1,0.6296296296296297,1,2,3,0,0,0,1,1.2592592592592593,2704.0,0,0,0,0,1,0,0,0,0,0,0,0,1,0,0,1
385,0,0.24236252545824846,0,1,0,0,1,0,0,0.24236252545824846,62.34365764,0,0,0,0,1,0,0,0,0,0,0,0,1,0,1,0
386,0,0.47282608695652173,0,1,3,0,1,0,0,0.47282608695652173,5402.25,0,0,0,0,0,1,0,0,0,0,0,0,1,0,1,0
387,0,0.24236252545824846,0,0,3,0,0,0,0,0.0,2199.6099999999997,1,0,0,0,0,0,0,0,0,0,0,0,1,0,0,0
388,1,0.47282608695652173,1,2,1,0,1,0,0,0.9456521739130435,169.0,0,0,0,0,1,0,0,0,0,0,0,0,1,1,0,0
389,0,0.24236252545824846,0,1,0,2,1,0,0,0.24236252545824846,59.74053263999999,0,0,0,0,1,0,0,0,0,0,0,0,1,0,1,0
390,1,0.47282608695652173,1,1,1,1,1,0,0,0.47282608695652173,144.0,0,1,0,0,0,0,0,0,0,0,0,0,1,1,0,0
391,1,0.6296296296296297,0,2,3,0,0,1,0,1.2592592592592593,14400.0,0,0,0,0,1,0,1,0,0,0,0,0,0,0,1,0
392,1,0.24236252545824846,0,1,0,0,1,0,0,0.24236252545824846,60.77449764,0,0,0,0,1,0,0,0,0,0,0,0,1,0,1,0
393,0,0.24236252545824846,0,1,1,0,0,0,1,0.24236252545824846,62.805625,0,0,0,0,1,0,0,0,0,0,0,0,1,0,1,0
394,1,0.6296296296296297,1,1,3,1,0,0,1,0.6296296296296297,12831.225625000001,0,0,0,0,1,0,0,0,1,0,0,0,0,1,0,0
395,1,0.24236252545824846,1,1,2,0,0,0,1,0.24236252545824846,278.89,0,0,0,0,0,1,0,0,0,0,0,1,0,0,0,1
396,0,0.24236252545824846,0,1,0,0,1,0,0,0.24236252545824846,60.77449764,0,0,0,0,1,0,0,0,0,0,0,0,1,0,1,0
397,0,0.24236252545824846,1,1,0,0,1,0,0,0.24236252545824846,61.688457639999996,0,0,0,0,1,0,0,0,0,0,0,0,1,1,0,0
398,0,0.47282608695652173,0,2,2,0,1,0,0,0.9456521739130435,676.0,0,0,0,0,1,0,0,0,0,0,0,0,1,0,1,0
399,0,0.47282608695652173,0,1,1,0,1,0,0,0.47282608695652173,110.25,0,0,0,0,1,0,0,0,0,0,0,0,1,0,1,0
400,1,0.47282608695652173,1,1,1,0,1,0,0,0.47282608695652173,160.0225,0,0,0,0,1,0,0,0,0,0,0,0,1,0,0,1
401,1,0.24236252545824846,0,2,1,0,1,0,0,0.4847250509164969,62.805625,0,0,1,0,0,0,0,0,0,0,0,0,1,0,1,0
402,0,0.24236252545824846,0,1,1,0,1,0,0,0.24236252545824846,64.80250000000001,0,0,0,0,1,0,0,0,0,0,0,0,1,0,1,0
403,0,0.24236252545824846,1,1,1,0,0,0,1,0.24236252545824846,96.53062499999999,0,0,0,0,1,0,0,0,0,0,0,0,1,1,0,0
404,0,0.24236252545824846,0,1,2,0,0,0,1,0.24236252545824846,251.2225,0,0,1,0,0,0,0,0,0,0,0,0,1,0,1,0
405,0,0.24236252545824846,1,1,1,0,1,0,0,0.24236252545824846,75.03890625,0,0,0,0,1,0,0,0,0,0,0,0,1,1,0,0
406,0,0.47282608695652173,0,2,2,0,0,0,1,0.9456521739130435,441.0,0,0,0,0,1,0,0,0,0,0,0,0,1,0,1,0
407,0,0.24236252545824846,0,3,0,0,1,0,0,0.7270875763747454,60.0625,0,0,0,0,1,0,0,0,0,0,0,0,1,0,1,0
408,1,0.47282608695652173,0,0,2,0,0,0,1,0.0,351.5625,0,0,0,0,1,0,0,0,0,0,0,0,1,0,0,0
409,0,0.24236252545824846,0,1,0,0,1,0,0,0.24236252545824846,60.450625,0,0,0,0,1,0,0,0,0,0,0,0,1,0,1,0
410,0,0.24236252545824846,1,1,2,0,0,0,0,0.24236252545824846,648.5528088899999,0,0,0,0,1,0,0,0,0,0,0,0,1,1,0,0
411,0,0.24236252545824846,0,1,0,0,1,0,0,0.24236252545824846,62.34365764,0,0,0,0,1,0,0,0,0,0,0,0,1,0,1,0
412,0,0.24236252545824846,0,1,0,2,1,0,0,0.24236252545824846,47.03627889,0,0,0,0,1,0,0,0,0,0,0,0,1,0,1,0
413,1,0.6296296296296297,1,2,3,2,0,0,1,1.2592592592592593,8100.0,0,0,0,0,1,0,0,1,0,0,0,0,0,1,0,0
414,0,0.47282608695652173,0,1,0,0,1,0,0,0.47282608695652173,0.0,0,0,0,0,1,0,0,0,0,0,0,0,1,0,1,0
415,1,0.24236252545824846,0,2,1,0,1,0,0,0.4847250509164969,62.805625,0,0,1,0,0,0,0,0,0,0,0,0,1,0,1,0
416,0,0.24236252545824846,1,1,1,0,1,0,0,0.24236252545824846,64.80250000000001,0,0,0,0,1,0,0,0,0,0,0,0,1,0,0,1
417,1,0.47282608695652173,1,2,3,0,0,0,1,0.9456521739130435,1056.25,0,0,0,0,1,0,0,0,0,0,0,0,1,0,0,1
418,1,0.47282608695652173,1,1,1,0,0,0,1,0.47282608695652173,169.0,0,0,0,0,1,0,0,0,0,0,0,0,1,1,0,0
419,0,0.47282608695652173,0,1,1,0,1,0,0,0.47282608695652173,169.0,0,0,0,0,1,0,0,0,0,0,0,0,1,0,1,0
420,0,0.24236252545824846,1,0,2,0,0,0,1,0.0,583.2225,0,0,0,0,1,0,0,0,0,0,0,0,1,1,0,0
421,0,0.24236252545824846,0,1,0,1,1,0,0,0.24236252545824846,62.34365764,0,0,0,0,1,0,0,0,0,0,0,0,1,0,1,0
422,0,0.24236252545824846,0,1,0,2,1,0,0,0.24236252545824846,59.803928889999995,0,0,0,0,0,0,0,0,0,0,0,0,1,0,1,0
423,0,0.24236252545824846,0,1,0,0,1,0,0,0.24236252545824846,62.015625,0,0,0,0,1,0,0,0,0,0,0,0,1,0,1,0
424,0,0.24236252545824846,1,1,1,0,0,0,1,0.24236252545824846,207.36,0,0,0,0,1,0,0,0,0,0,0,0,1,0,0,1
425,0,0.24236252545824846,0,1,2,0,0,0,1,0.24236252545824846,408.54515624999993,0,0,0,0,1,0,0,0,0,0,0,0,1,0,1,0
426,0,0.24236252545824846,0,1,0,0,1,0,0,0.24236252545824846,52.5625,0,0,0,0,0,0,0,0,0,0,0,0,1,0,1,0
427,1,0.47282608695652173,1,1,2,0,0,0,1,0.47282608695652173,676.0,0,0,0,0,1,0,0,0,0,0,0,0,1,0,0,1
428,1,0.47282608695652173,1,1,2,0,1,0,0,0.47282608695652173,676.0,0,0,0,0,1,0,0,0,0,0,0,0,1,1,0,0
429,0,0.24236252545824846,0,1,0,2,1,0,0,0.24236252545824846,60.0625,0,0,0,0,1,0,0,0,0,0,0,0,1,0,1,0
430,1,0.24236252545824846,0,1,1,0,1,0,0,0.24236252545824846,64.80250000000001,0,0,1,0,0,0,0,0,0,1,0,0,0,0,1,0
431,1,0.6296296296296297,0,1,2,0,1,0,0,0.6296296296296297,704.9025,0,0,0,0,1,0,0,1,0,0,0,0,0,0,1,0
432,1,0.24236252545824846,1,1,2,0,0,0,1,0.24236252545824846,259.21000000000004,0,0,0,0,1,0,0,0,0,0,0,0,1,0,0,1
433,1,0.47282608695652173,1,2,2,0,0,0,1,0.9456521739130435,676.0,0,1,0,0,0,0,0,0,0,0,0,0,1,0,0,1
434,0,0.24236252545824846,0,1,0,0,1,0,0,0.24236252545824846,50.765625,0,0,1,0,0,0,0,0,0,0,0,0,1,0,1,0
435,0,0.6296296296296297,0,3,3,0,0,0,1,1.8888888888888888,3124.81,0,0,0,0,1,0,0,0,0,1,0,0,0,0,1,0
436,1,0.6296296296296297,1,0,3,0,0,1,0,0.0,14400.0,0,0,0,0,1,0,1,0,0,0,0,0,0,1,0,0
437,0,0.24236252545824846,1,1,3,0,0,0,0,0.24236252545824846,1181.640625,0,0,0,1,0,0,0,0,0,0,0,0,1,1,0,0
438,1,0.47282608695652173,1,1,2,0,0,0,0,0.47282608695652173,351.5625,0,0,0,0,1,0,0,0,0,0,0,0,1,0,0,1
439,0,0.6296296296296297,0,3,3,0,0,0,0,1.8888888888888888,69169.0,0,0,0,0,1,0,0,1,0,0,0,0,0,0,1,0
440,0,0.47282608695652173,0,1,1,0,1,0,0,0.47282608695652173,110.25,1,0,0,0,0,0,0,0,0,0,0,0,1,0,1,0
441,1,0.47282608695652173,1,2,2,0,0,0,1,0.9456521739130435,689.0625,0,0,0,0,0,1,0,0,0,0,0,0,1,0,0,1
442,0,0.24236252545824846,0,1,1,0,1,0,0,0.24236252545824846,90.25,0,0,0,0,1,0,0,0,0,0,0,0,1,0,1,0
443,0,0.24236252545824846,0,1,0,0,0,0,1,0.24236252545824846,60.450625,0,0,0,0,1,0,0,0,0,0,0,0,1,0,1,0
444,1,0.47282608695652173,1,1,1,0,1,0,0,0.47282608695652173,169.0,0,0,0,0,1,0,0,0,0,0,0,0,1,0,0,1
445,1,0.24236252545824846,0,1,1,0,1,0,0,0.24236252545824846,65.81265625000002,0,0,0,0,1,0,0,0,0,0,0,0,1,0,1,0
446,1,0.6296296296296297,0,0,3,0,0,0,1,0.0,6700.78127889,0,0,0,0,1,0,0,0,0,0,0,0,0,0,0,0
447,1,0.47282608695652173,1,0,2,0,0,0,1,0.0,380.25,0,0,0,0,1,0,0,0,0,0,0,0,1,1,0,0
448,1,0.6296296296296297,0,2,2,0,1,0,0,1.2592592592592593,704.9025,0,0,0,0,1,0,0,0,0,0,0,0,1,0,1,0
449,1,0.24236252545824846,1,0,2,1,0,1,0,0.0,370.88211888999996,0,0,0,0,1,0,0,0,0,0,0,0,1,1,0,0
450,1,0.6296296296296297,0,3,2,0,1,0,0,1.8888888888888888,930.25,0,0,0,0,1,0,0,1,0,0,0,0,0,0,1,0
451,0,0.47282608695652173,0,2,2,0,0,1,0,0.9456521739130435,770.0625,1,0,0,0,0,0,0,0,0,0,0,0,1,0,1,0
452,0,0.24236252545824846,0,1,2,0,0,0,1,0.24236252545824846,398.66910888999996,0,0,0,0,1,0,0,0,0,0,0,0,1,0,1,0
453,0,0.6296296296296297,0,1,2,1,1,0,0,0.6296296296296297,770.0625,0,0,0,0,1,0,0,1,0,0,0,0,0,0,1,0
454,1,0.6296296296296297,0,3,3,1,0,0,1,1.8888888888888888,7939.558457640001,0,0,0,0,1,0,0,1,0,0,0,0,0,0,1,0
455,0,0.24236252545824846,0,1,1,0,1,0,0,0.24236252545824846,64.80250000000001,0,0,0,0,0,0,0,0,0,0,0,0,1,0,1,0
456,1,0.24236252545824846,0,1,0,1,1,0,0,0.24236252545824846,62.34365764,0,0,0,0,1,0,0,0,0,0,0,0,1,0,1,0
457,0,0.6296296296296297,0,4,2,0,1,0,0,2.5185185185185186,704.9025,0,0,0,0,1,0,0,0,0,1,0,0,0,0,1,0
458,1,0.6296296296296297,1,2,3,0,0,0,1,1.2592592592592593,2689.7189062499997,0,0,0,0,1,0,0,0,1,0,0,0,0,0,0,1
459,1,0.47282608695652173,1,3,1,0,1,0,0,1.4184782608695652,110.25,0,0,0,0,0,1,0,0,0,0,0,0,1,1,0,0
460,0,0.24236252545824846,0,1,0,2,1,0,0,0.24236252545824846,60.0625,0,0,0,0,1,0,0,0,0,0,0,0,1,0,1,0
461,1,0.6296296296296297,0,2,2,0,1,0,0,1.2592592592592593,704.9025,0,0,0,0,1,0,0,0,0,1,0,0,0,0,1,0
462,0,0.24236252545824846,0,2,1,0,1,0,0,0.4847250509164969,64.80250000000001,0,0,0,0,1,0,0,0,0,0,0,0,1,0,1,0
463,0,0.6296296296296297,0,2,3,0,1,0,0,1.2592592592592593,1482.25,0,0,0,0,1,0,0,0,0,1,0,0,0,0,1,0
464,0,0.47282608695652173,0,2,1,0,1,0,0,0.9456521739130435,169.0,0,0,0,0,1,0,0,0,0,0,0,0,1,0,1,0
465,0,0.24236252545824846,0,1,1,0,1,0,0,0.24236252545824846,64.80250000000001,0,0,0,0,0,1,0,0,0,0,0,0,1,0,1,0
466,0,0.24236252545824846,0,2,0,0,1,0,0,0.4847250509164969,49.7025,0,0,1,0,0,0,0,0,0,0,0,0,1,0,1,0
467,0,0.47282608695652173,0,1,0,0,1,0,0,0.47282608695652173,0.0,0,0,0,0,1,0,0,0,0,0,0,0,1,0,1,0
468,0,0.6296296296296297,0,3,2,0,1,0,0,1.8888888888888888,704.9025,0,0,0,0,1,0,0,0,0,0,0,0,1,0,1,0
469,0,0.24236252545824846,0,1,0,2,1,0,0,0.24236252545824846,59.675625,0,0,0,0,1,0,0,0,0,0,0,0,1,0,1,0
470,1,0.24236252545824846,1,0,2,1,0,1,0,0.0,370.88211888999996,0,0,0,0,1,0,0,0,0,0,0,0,1,1,0,0
471,0,0.24236252545824846,0,1,0,0,1,0,0,0.24236252545824846,52.5625,0,0,0,0,1,0,0,0,0,0,0,0,1,0,1,0
472,0,0.24236252545824846,0,2,1,0,1,0,0,0.4847250509164969,75.03890625,0,0,0,0,1,0,0,0,0,0,0,0,1,0,1,0
473,1,0.47282608695652173,1,2,2,0,0,1,0,0.9456521739130435,770.0625,1,0,0,0,0,0,0,0,0,0,0,0,1,0,0,1
474,1,0.47282608695652173,1,1,1,1,1,0,0,0.47282608695652173,190.21098889,0,1,0,0,0,0,0,0,1,0,0,0,0,0,0,1
475,0,0.24236252545824846,1,1,1,0,1,0,0,0.24236252545824846,96.77640625000001,0,0,0,0,1,0,0,0,0,0,0,0,1,1,0,0
476,0,0.6296296296296297,0,2,3,0,1,0,0,1.2592592592592593,2704.0,0,0,0,0,1,0,0,0,0,0,0,0,0,0,1,0
477,0,0.47282608695652173,0,2,2,0,0,0,1,0.9456521739130435,441.0,0,0,0,0,1,0,0,0,0,0,0,0,1,0,1,0
478,0,0.24236252545824846,0,1,0,0,0,0,1,0.24236252545824846,49.64329764,0,0,0,0,1,0,0,0,0,0,0,0,1,0,1,0
479,0,0.24236252545824846,0,1,0,0,1,0,0,0.24236252545824846,56.562432640000004,0,0,0,0,1,0,0,0,0,0,0,0,1,0,1,0
480,1,0.24236252545824846,1,0,1,0,0,0,1,0.0,150.98265625,0,0,0,0,1,0,0,0,0,0,0,0,1,1,0,0
481,0,0.24236252545824846,0,0,3,0,0,0,0,0.0,2199.6099999999997,1,0,0,0,0,0,0,0,0,0,0,0,1,0,0,0
482,0,0.47282608695652173,0,1,0,0,1,0,0,0.47282608695652173,0.0,0,0,0,0,1,0,0,0,0,0,0,0,1,0,1,0
483,0,0.24236252545824846,0,3,1,0,1,0,0,0.7270875763747454,64.80250000000001,0,0,0,0,0,0,0,0,0,0,0,0,1,0,1,0
484,1,0.24236252545824846,1,3,1,0,1,0,0,0.7270875763747454,91.92015625,0,0,0,0,1,0,0,0,0,0,0,0,1,0,0,1
485,1,0.6296296296296297,0,1,3,1,0,0,1,0.6296296296296297,8295.42067264,0,0,0,0,1,0,1,0,0,0,0,0,0,0,1,0
486,0,0.24236252545824846,1,1,2,0,0,0,0,0.24236252545824846,648.5528088899999,0,0,0,0,1,0,0,0,0,0,0,0,1,1,0,0
487,1,0.6296296296296297,1,2,3,0,0,0,1,1.2592592592592593,8100.0,0,0,0,0,1,0,0,1,0,0,0,0,0,0,0,1
488,0,0.6296296296296297,0,3,2,1,1,0,0,1.8888888888888888,882.0899999999999,0,0,0,0,1,0,1,0,0,0,0,0,0,0,1,0
489,0,0.24236252545824846,0,1,1,0,1,0,0,0.24236252545824846,64.80250000000001,0,0,0,0,0,0,0,0,0,0,0,0,1,0,1,0
490,1,0.24236252545824846,0,0,2,0,0,0,1,0.0,252.81,1,0,0,0,0,0,0,0,0,0,0,0,1,0,0,0
491,0,0.24236252545824846,0,1,2,0,0,0,1,0.24236252545824846,398.66910888999996,0,0,0,0,1,0,0,0,0,0,0,0,1,0,1,0
492,0,0.24236252545824846,0,1,0,0,1,0,0,0.24236252545824846,52.5625,0,0,1,0,0,0,0,0,0,0,0,0,1,0,1,0
493,0,0.6296296296296297,0,3,2,0,1,0,0,1.8888888888888888,930.25,0,0,0,0,1,0,0,1,0,0,0,0,0,0,1,0
494,0,0.6296296296296297,0,4,3,1,1,0,0,2.5185185185185186,2450.6658176399997,0,0,0,0,0,1,0,0,0,0,0,0,1,0,1,0
495,0,0.24236252545824846,0,1,1,0,1,0,0,0.24236252545824846,64.80250000000001,0,0,0,0,0,0,0,0,0,0,0,0,1,0,1,0
496,0,0.24236252545824846,0,1,2,1,1,0,0,0.24236252545824846,209.04243888999997,0,0,0,0,1,0,0,0,0,0,0,0,1,0,1,0
497,1,0.6296296296296297,1,3,3,1,0,0,1,1.8888888888888888,6125.67632889,0,0,0,0,1,0,0,0,1,0,0,0,0,1,0,0
498,0,0.24236252545824846,0,1,2,0,1,0,0,0.24236252545824846,228.01,1,0,0,0,0,0,0,0,0,0,0,0,1,0,1,0
499,0,0.6296296296296297,1,1,3,0,0,1,0,0.6296296296296297,22967.402500000004,0,0,0,0,1,0,0,1,0,0,0,0,0,0,0,1
500,0,0.24236252545824846,0,1,0,0,1,0,0,0.24236252545824846,60.77449764,0,0,0,0,1,0,0,0,0,0,0,0,1,0,1,0
501,0,0.24236252545824846,0,1,1,0,1,0,0,0.24236252545824846,75.03890625,0,0,0,0,1,0,0,0,0,0,0,0,1,0,1,0
502,0,0.24236252545824846,1,1,0,2,1,0,0,0.24236252545824846,60.0625,0,0,0,0,1,0,0,0,0,0,0,0,1,1,0,0
503,0,0.24236252545824846,1,1,0,2,1,0,0,0.24236252545824846,58.20469264,0,0,0,0,1,0,0,0,0,0,0,0,1,1,0,0
504,0,0.24236252545824846,1,2,1,0,1,0,0,0.4847250509164969,91.92015625,0,0,0,0,1,0,0,0,0,0,0,0,1,1,0,0
505,1,0.6296296296296297,1,0,3,0,1,0,0,0.0,7482.25,0,0,0,0,1,0,1,0,0,0,0,0,0,1,0,0
506,0,0.6296296296296297,0,1,3,1,0,0,1,0.6296296296296297,11859.210000000001,0,0,0,0,0,1,0,1,0,0,0,0,0,0,1,0
507,1,0.47282608695652173,1,2,2,0,0,0,1,0.9456521739130435,676.0,0,0,0,0,1,0,0,0,0,0,0,0,1,0,0,1
508,1,0.6296296296296297,0,2,2,0,1,0,0,1.2592592592592593,704.9025,0,0,0,0,1,0,0,0,0,0,0,0,1,0,1,0
509,0,0.24236252545824846,0,1,2,0,1,0,0,0.24236252545824846,507.37562499999996,0,0,0,0,0,1,0,0,0,0,0,0,1,0,1,0
510,1,0.24236252545824846,0,1,3,0,1,0,0,0.24236252545824846,3191.7754176400003,0,0,0,0,1,0,0,0,0,0,0,0,1,0,1,0
511,1,0.24236252545824846,0,1,0,2,1,0,0,0.24236252545824846,60.0625,0,0,0,0,1,0,0,0,0,0,0,0,1,0,1,0
512,0,0.24236252545824846,0,1,1,0,1,0,0,0.24236252545824846,64.80250000000001,0,0,1,0,0,0,0,0,0,0,0,0,1,0,1,0
513,1,0.6296296296296297,0,2,2,0,1,0,0,1.2592592592592593,691.0326562500001,0,0,0,0,0,1,0,0,0,1,0,0,0,0,1,0
514,1,0.6296296296296297,1,3,3,1,0,0,1,1.8888888888888888,3528.3599999999997,0,0,0,0,0,1,0,0,0,0,0,0,1,0,0,1
515,0,0.24236252545824846,0,1,0,0,1,0,0,0.24236252545824846,56.18701764,0,0,0,0,1,0,0,0,0,0,0,0,1,0,1,0
516,0,0.6296296296296297,0,2,3,0,1,0,0,1.2592592592592593,1157.41483264,0,0,0,0,1,0,0,0,1,0,0,0,0,0,1,0
517,1,0.47282608695652173,1,2,1,0,1,0,0,0.9456521739130435,110.25,1,0,0,0,0,0,0,0,0,0,1,0,0,0,0,1
518,0,0.24236252545824846,0,1,2,2,1,0,0,0.24236252545824846,583.2225,0,0,0,0,1,0,0,0,0,0,0,0,1,0,1,0
519,1,0.47282608695652173,1,2,2,0,0,0,1,0.9456521739130435,676.0,0,0,0,0,1,0,0,0,0,0,0,0,1,0,0,1
520,0,0.24236252545824846,0,1,0,0,1,0,0,0.24236252545824846,62.34365764,0,0,0,0,1,0,0,0,0,0,0,0,1,0,1,0
521,1,0.6296296296296297,1,1,3,0,1,0,0,0.6296296296296297,8742.25,0,0,0,0,1,0,1,0,0,0,0,0,0,1,0,0
522,0,0.24236252545824846,0,1,0,0,1,0,0,0.24236252545824846,62.34365764,0,0,0,0,1,0,0,0,0,0,0,0,1,0,1,0
523,0,0.24236252545824846,0,1,0,1,1,0,0,0.24236252545824846,52.200624999999995,0,0,0,0,1,0,0,0,0,0,0,0,1,0,1,0
524,1,0.6296296296296297,1,2,3,1,0,0,1,1.2592592592592593,3361.58763264,0,0,0,0,1,0,1,0,0,0,0,0,0,0,0,1
525,0,0.24236252545824846,0,1,0,1,1,0,0,0.24236252545824846,52.26133263999999,0,0,0,0,1,0,0,0,0,0,0,0,1,0,1,0
526,0,0.24236252545824846,0,2,0,2,1,0,0,0.4847250509164969,60.0625,0,0,0,0,1,0,0,0,0,0,0,0,1,0,1,0
527,1,0.47282608695652173,1,3,1,0,1,0,0,1.4184782608695652,110.25,0,0,0,1,0,0,0,0,0,0,0,0,1,1,0,0
528,0,0.6296296296296297,0,2,3,0,1,0,0,1.2592592592592593,49186.013552640004,0,0,0,0,0,1,0,1,0,0,0,0,0,0,1,0
529,0,0.24236252545824846,0,2,1,0,1,0,0,0.4847250509164969,62.805625,0,0,0,0,1,0,0,0,0,0,0,0,1,0,1,0
530,0,0.47282608695652173,0,1,1,0,0,1,0,0.47282608695652173,132.25,0,0,0,0,1,0,0,0,0,0,0,0,1,0,1,0
531,1,0.47282608695652173,1,0,2,0,0,0,1,0.0,676.0,0,0,0,0,1,0,0,0,0,0,0,0,1,1,0,0
532,0,0.24236252545824846,0,1,0,1,1,0,0,0.24236252545824846,52.26133263999999,0,0,0,0,1,0,0,0,0,0,0,0,1,0,1,0
533,0,0.24236252545824846,0,1,0,1,0,0,1,0.24236252545824846,52.26133263999999,0,0,0,0,1,0,0,0,0,0,0,0,1,0,1,0
534,1,0.24236252545824846,1,1,2,1,0,0,1,0.24236252545824846,499.89357889,0,0,0,0,1,0,0,0,0,0,0,0,1,0,0,1
535,0,0.24236252545824846,1,1,1,0,1,0,0,0.24236252545824846,75.03890625,0,0,0,0,1,0,0,0,0,0,0,0,1,1,0,0
536,1,0.47282608695652173,1,0,2,0,0,0,1,0.0,689.0625,0,0,0,0,0,1,0,0,0,0,0,0,1,1,0,0
537,0,0.6296296296296297,0,2,2,0,1,0,0,1.2592592592592593,704.9025,0,0,0,0,1,0,1,0,0,0,0,0,0,0,1,0
538,1,0.6296296296296297,1,1,3,1,1,0,0,0.6296296296296297,11326.280625,0,0,0,0,0,1,0,0,0,0,0,0,1,1,0,0
539,0,0.24236252545824846,0,1,2,0,1,0,0,0.24236252545824846,210.25,0,0,0,0,1,0,0,0,0,0,0,0,1,0,1,0
540,1,0.6296296296296297,1,1,3,1,0,0,1,0.6296296296296297,2450.25,0,0,0,0,1,0,1,0,0,0,0,0,0,1,0,0
541,1,0.6296296296296297,1,2,3,0,0,0,1,1.2592592592592593,5041.0,0,0,0,0,0,1,1,0,0,0,0,0,0,1,0,0
542,0,0.24236252545824846,1,0,3,0,0,0,0,0.0,978.1256249999999,0,0,0,0,1,0,0,0,0,0,0,0,1,1,0,0
543,0,0.24236252545824846,1,0,3,0,0,0,0,0.0,978.1256249999999,0,0,0,0,1,0,0,0,0,0,0,0,1,1,0,0
544,1,0.47282608695652173,0,1,2,0,0,0,1,0.47282608695652173,676.0,0,0,0,0,1,0,0,0,0,0,0,0,1,0,1,0
545,0,0.6296296296296297,0,3,3,1,0,0,1,1.8888888888888888,11326.280625,0,0,0,0,0,1,0,1,0,0,0,0,0,0,1,0
546,0,0.6296296296296297,0,3,2,0,1,0,0,1.8888888888888888,676.0,0,0,0,0,1,0,0,0,0,0,0,0,1,0,1,0
547,1,0.47282608695652173,1,1,2,0,0,0,1,0.47282608695652173,676.0,0,0,0,0,1,0,0,0,0,0,0,0,1,0,0,1
548,1,0.47282608695652173,0,1,1,1,1,0,0,0.47282608695652173,192.16890625000002,0,1,0,0,0,0,0,0,0,0,0,0,1,0,1,0
549,0,0.24236252545824846,0,2,2,0,0,0,1,0.4847250509164969,421.27562499999993,0,0,0,0,1,0,0,0,0,0,0,0,1,0,1,0
550,1,0.47282608695652173,0,0,3,0,0,0,1,0.0,1350.5625,1,0,0,0,0,0,0,0,0,0,0,0,1,0,0,0
551,1,0.6296296296296297,0,1,3,1,0,0,1,0.6296296296296297,12295.106218890001,0,0,0,0,1,0,0,1,0,0,0,0,0,0,1,0
552,0,0.47282608695652173,0,1,2,0,1,0,0,0.47282608695652173,676.0,0,0,0,0,1,0,0,0,0,0,0,0,1,0,1,0
553,0,0.24236252545824846,0,1,0,2,1,0,0,0.24236252545824846,61.29637264,0,0,0,0,1,0,0,0,0,0,0,0,1,0,1,0
554,1,0.24236252545824846,0,1,0,1,1,0,0,0.24236252545824846,52.200624999999995,0,0,0,0,1,0,0,0,0,0,0,0,1,0,1,0
555,1,0.24236252545824846,1,1,0,0,1,0,0,0.24236252545824846,60.450625,0,0,0,0,1,0,0,0,0,0,0,0,1,1,0,0
556,0,0.6296296296296297,0,3,2,0,1,0,0,1.8888888888888888,704.9025,0,0,0,0,1,0,0,0,0,0,0,0,1,0,1,0
557,1,0.6296296296296297,1,2,3,1,0,0,1,1.2592592592592593,1568.16,0,0,0,0,1,0,0,0,0,0,0,0,0,0,0,1
558,0,0.6296296296296297,0,2,3,1,1,0,0,1.2592592592592593,51767.625625,0,0,0,0,0,1,0,0,0,0,0,0,1,0,1,0
559,1,0.6296296296296297,1,2,3,0,0,0,1,1.2592592592592593,6344.122500000001,0,0,0,0,1,0,0,0,0,1,0,0,0,0,0,1
560,1,0.24236252545824846,1,2,2,0,0,0,1,0.4847250509164969,302.75999999999993,0,0,0,0,1,0,0,0,0,0,0,0,1,0,0,1
561,0,0.24236252545824846,0,1,0,2,1,0,0,0.24236252545824846,60.0625,0,0,0,0,1,0,0,0,0,0,0,0,1,0,1,0
562,0,0.24236252545824846,0,2,0,0,1,0,0,0.4847250509164969,62.34365764,0,0,0,0,1,0,0,0,0,0,0,0,1,0,1,0
563,0,0.47282608695652173,0,1,1,0,1,0,0,0.47282608695652173,182.25,0,0,0,0,1,0,0,0,0,0,0,0,1,0,1,0
564,0,0.24236252545824846,0,1,1,0,1,0,0,0.24236252545824846,64.80250000000001,0,0,1,0,0,0,0,0,0,0,0,0,1,0,1,0
565,0,0.24236252545824846,1,1,1,0,1,0,0,0.24236252545824846,64.80250000000001,0,0,1,0,0,0,0,0,0,0,0,0,1,1,0,0
566,0,0.24236252545824846,0,1,2,0,0,0,1,0.24236252545824846,583.2225,0,0,0,0,0,0,0,0,0,0,0,0,1,0,1,0
567,0,0.24236252545824846,0,1,0,0,1,0,0,0.24236252545824846,62.34365764,0,0,0,0,1,0,0,0,0,0,0,0,1,0,1,0
568,0,0.24236252545824846,1,1,2,0,0,0,0,0.24236252545824846,444.155625,0,0,0,0,1,0,0,0,0,0,0,0,1,0,0,1
569,0,0.24236252545824846,0,1,0,1,1,0,0,0.24236252545824846,52.26133263999999,0,0,0,0,1,0,0,0,0,0,0,0,1,0,1,0
570,1,0.24236252545824846,0,1,0,0,1,0,0,0.24236252545824846,61.688457639999996,0,0,0,0,1,0,0,0,0,0,0,0,1,0,1,0
571,1,0.47282608695652173,0,3,1,0,1,0,0,1.4184782608695652,110.25,0,0,0,0,0,1,0,0,0,0,0,0,1,0,1,0
572,1,0.6296296296296297,1,3,3,0,0,0,1,1.8888888888888888,2650.1080326399997,0,0,0,0,1,0,0,1,0,0,0,0,0,0,0,1
573,1,0.6296296296296297,0,2,2,0,1,0,0,1.2592592592592593,696.30015625,0,0,0,0,0,1,0,0,0,1,0,0,0,0,1,0
574,1,0.24236252545824846,1,1,0,2,1,0,0,0.24236252545824846,60.0625,0,0,0,0,1,0,0,0,0,0,0,0,1,1,0,0
575,0,0.24236252545824846,0,0,1,0,1,0,0,0.0,64.80250000000001,0,0,0,0,0,0,0,0,0,0,0,0,1,0,1,0
576,0,0.24236252545824846,0,1,2,0,1,0,0,0.24236252545824846,210.25,0,0,0,0,1,0,0,0,0,0,0,0,1,0,1,0
577,1,0.47282608695652173,1,2,1,0,1,0,0,0.9456521739130435,169.0,0,0,0,0,1,0,0,0,0,0,0,0,1,1,0,0
578,1,0.6296296296296297,1,2,3,0,0,0,1,1.2592592592592593,3124.81,0,0,0,0,1,0,0,0,0,1,0,0,0,0,0,1
579,0,0.24236252545824846,1,1,2,1,0,0,1,0.24236252545824846,209.04243888999997,0,0,0,0,1,0,0,0,0,0,0,0,1,0,0,1
580,1,0.24236252545824846,0,1,1,0,1,0,0,0.24236252545824846,62.805625,0,0,1,0,0,0,0,0,0,0,0,0,1,0,1,0
581,1,0.47282608695652173,1,1,2,0,0,0,1,0.47282608695652173,900.0,0,0,0,0,1,0,0,0,0,0,0,0,1,1,0,0
582,1,0.6296296296296297,1,2,3,1,0,0,1,1.2592592592592593,12295.106218890001,0,0,0,0,1,0,0,1,0,0,0,0,0,0,0,1
583,0,0.47282608695652173,0,3,2,0,1,0,0,1.4184782608695652,676.0,0,0,0,0,1,0,0,0,0,0,0,0,1,0,1,0
584,0,0.6296296296296297,0,2,3,1,1,0,0,1.2592592592592593,1610.015625,0,0,0,0,1,0,0,0,0,0,0,0,0,0,1,0
585,0,0.24236252545824846,0,1,1,1,1,0,0,0.24236252545824846,75.90765625,0,0,0,0,1,0,0,0,0,0,0,0,1,0,1,0
586,1,0.6296296296296297,1,1,3,0,0,0,1,0.6296296296296297,6344.122500000001,0,0,0,0,1,0,0,0,0,1,0,0,0,1,0,0
587,0,0.47282608695652173,0,2,2,0,1,0,0,0.9456521739130435,225.0,0,0,0,0,1,0,0,0,0,0,0,0,1,0,1,0
588,1,0.6296296296296297,0,3,3,1,0,0,1,1.8888888888888888,6272.64,0,0,0,0,1,0,1,0,0,0,0,0,0,0,1,0
589,0,0.24236252545824846,0,1,1,0,1,0,0,0.24236252545824846,64.80250000000001,0,0,0,0,1,0,0,0,0,0,0,0,1,0,1,0
590,0,0.24236252545824846,0,1,1,0,1,0,0,0.24236252545824846,64.80250000000001,0,0,0,0,0,0,0,0,0,0,0,0,1,0,1,0
591,0,0.24236252545824846,0,2,0,0,1,0,0,0.4847250509164969,50.765625,0,0,1,0,0,0,0,0,0,0,0,0,1,0,1,0
592,1,0.6296296296296297,1,3,3,1,0,0,1,1.8888888888888888,6125.67632889,0,0,0,0,1,0,0,0,1,0,0,0,0,0,0,1
593,0,0.24236252545824846,0,2,0,0,1,0,0,0.4847250509164969,52.5625,0,0,0,0,0,0,0,0,0,0,0,0,1,0,1,0
594,0,0.24236252545824846,1,1,0,2,0,0,1,0.24236252545824846,60.0625,0,0,0,0,1,0,0,0,0,0,0,0,1,1,0,0
595,0,0.47282608695652173,0,2,2,0,0,0,1,0.9456521739130435,676.0,0,1,0,0,0,0,0,0,0,0,0,0,1,0,1,0
596,0,0.24236252545824846,0,2,2,0,0,0,1,0.4847250509164969,583.2225,0,0,0,0,1,0,0,0,0,0,0,0,1,0,1,0
597,1,0.47282608695652173,1,1,3,0,1,0,0,0.47282608695652173,1089.0,0,0,0,0,1,0,0,0,0,0,0,0,1,1,0,0
598,0,0.24236252545824846,0,3,0,0,1,0,0,0.7270875763747454,0.0,0,0,0,0,1,0,0,0,0,0,0,0,1,0,1,0
599,0,0.24236252545824846,0,1,0,1,1,0,0,0.24236252545824846,52.200624999999995,0,0,0,0,1,0,0,0,0,0,0,0,1,0,1,0
600,1,0.6296296296296297,0,3,3,1,0,0,1,1.8888888888888888,3240.9338126400003,0,0,0,0,0,1,0,0,0,0,0,0,0,0,1,0
601,1,0.47282608695652173,1,1,2,0,0,1,0,0.47282608695652173,729.0,0,0,0,0,1,0,0,0,0,0,0,0,1,0,0,1
602,0,0.24236252545824846,0,1,0,0,1,0,0,0.24236252545824846,62.34365764,0,0,0,0,1,0,0,0,0,0,0,0,1,0,1,0
603,0,0.6296296296296297,0,2,3,0,1,0,0,1.2592592592592593,1797.76,0,0,0,0,1,0,0,0,0,0,0,0,1,0,1,0
604,0,0.24236252545824846,0,2,1,0,1,0,0,0.4847250509164969,64.80250000000001,0,0,0,0,1,0,0,0,0,0,0,0,1,0,1,0
605,1,0.6296296296296297,0,2,2,1,1,0,0,1.2592592592592593,704.9025,0,0,0,0,1,0,0,0,0,0,0,0,1,0,1,0
606,0,0.24236252545824846,0,2,2,0,0,0,1,0.4847250509164969,241.8025,0,0,0,0,1,0,0,0,0,0,0,0,1,0,1,0
607,0,0.24236252545824846,0,1,0,0,1,0,0,0.24236252545824846,62.34365764,0,0,0,0,1,0,0,0,0,0,0,0,1,0,1,0
608,1,0.6296296296296297,0,1,2,0,1,0,0,0.6296296296296297,930.25,0,0,0,0,1,0,0,0,0,0,0,0,1,0,1,0
609,1,0.47282608695652173,1,1,3,1,0,1,0,0.47282608695652173,1728.82987264,0,1,0,0,0,0,0,0,0,0,0,0,1,0,0,1
610,1,0.6296296296296297,1,2,3,0,1,0,0,1.2592592592592593,23550.73890625,0,0,0,0,0,1,0,1,0,0,0,0,0,1,0,0
611,0,0.24236252545824846,1,2,3,0,0,0,0,0.4847250509164969,978.1256249999999,0,0,0,0,1,0,0,0,0,0,0,0,1,0,0,1
612,0,0.24236252545824846,0,1,0,0,1,0,0,0.24236252545824846,49.7025,0,0,1,0,0,0,0,0,0,0,0,0,1,0,1,0
613,1,0.24236252545824846,1,1,2,2,0,0,1,0.24236252545824846,240.25,0,0,0,0,1,0,0,0,0,0,0,0,1,1,0,0
614,0,0.24236252545824846,0,1,0,2,1,0,0,0.24236252545824846,60.0625,0,0,0,0,1,0,0,0,0,0,0,0,1,0,1,0
615,0,0.24236252545824846,0,2,1,0,1,0,0,0.4847250509164969,64.80250000000001,0,0,0,0,1,0,0,0,0,0,0,0,1,0,1,0
616,1,0.47282608695652173,1,1,3,0,0,1,0,0.47282608695652173,4225.0,0,0,0,0,1,0,0,0,0,0,0,0,1,1,0,0
617,0,0.24236252545824846,0,2,1,0,0,0,1,0.4847250509164969,207.36,0,0,0,0,1,0,0,0,0,0,0,0,1,0,1,0
618,0,0.24236252545824846,1,1,2,0,0,0,1,0.24236252545824846,259.21000000000004,0,0,0,0,0,0,0,0,0,0,0,0,1,0,0,1
619,1,0.47282608695652173,1,0,3,0,0,1,0,0.0,1521.0,0,0,0,0,1,0,0,0,0,0,1,0,0,1,0,0
620,0,0.47282608695652173,0,1,1,0,1,0,0,0.47282608695652173,110.25,0,0,0,0,1,0,0,0,0,0,0,0,1,0,1,0
621,0,0.24236252545824846,0,1,2,1,0,0,1,0.24236252545824846,208.92389764,0,0,0,0,1,0,0,0,0,0,0,0,1,0,1,0
622,1,0.6296296296296297,0,2,3,0,0,0,1,1.2592592592592593,2761.94393764,0,0,0,0,1,0,0,0,1,0,0,0,0,0,1,0
623,1,0.24236252545824846,0,1,2,1,0,0,1,0.24236252545824846,247.80111889,0,0,0,0,1,0,0,0,0,0,0,0,1,0,1,0
624,0,0.24236252545824846,0,1,0,0,1,0,0,0.24236252545824846,61.688457639999996,0,0,0,0,1,0,0,0,0,0,0,0,1,0,1,0
625,0,0.24236252545824846,0,1,2,0,1,0,0,0.24236252545824846,259.21000000000004,0,0,0,0,1,0,0,0,0,0,0,0,1,0,1,0
626,0,0.6296296296296297,0,3,3,0,1,0,0,1.8888888888888888,1044.6341126399998,0,0,0,0,1,0,0,0,1,0,0,0,0,0,1,0
627,0,0.47282608695652173,0,3,1,2,1,0,0,1.4184782608695652,152.52249999999998,0,0,0,0,1,0,0,0,0,0,0,0,1,0,1,0
628,1,0.6296296296296297,1,1,3,0,1,0,0,0.6296296296296297,6077.496538889999,0,0,0,0,1,0,0,0,1,0,0,0,0,1,0,0
629,0,0.24236252545824846,0,1,0,0,1,0,0,0.24236252545824846,62.34365764,0,0,0,0,1,0,0,0,0,0,0,0,1,0,1,0
630,0,0.24236252545824846,0,1,0,2,1,0,0,0.24236252545824846,59.803928889999995,0,0,0,0,1,0,0,0,0,0,0,0,1,0,1,0
631,1,0.6296296296296297,0,4,2,0,1,0,0,2.5185185185185186,900.0,0,0,0,0,1,0,0,0,0,0,0,0,0,0,1,0
632,0,0.24236252545824846,0,3,0,0,1,0,0,0.7270875763747454,49.76173764,0,0,0,0,1,0,0,0,0,0,0,0,1,0,1,0
633,1,0.6296296296296297,0,1,2,1,1,0,0,0.6296296296296297,930.25,0,0,0,0,1,0,1,0,0,0,0,0,0,0,1,0
634,0,0.6296296296296297,0,2,0,0,1,0,0,1.2592592592592593,0.0,0,0,0,0,1,0,0,0,0,0,0,0,1,0,1,0
635,0,0.24236252545824846,1,0,2,0,0,0,0,0.0,778.41,0,0,0,0,1,0,0,0,0,0,0,0,1,1,0,0
636,1,0.47282608695652173,1,1,1,0,1,0,0,0.47282608695652173,169.0,0,0,0,0,1,0,0,0,0,0,0,0,1,1,0,0
637,0,0.24236252545824846,0,1,1,0,1,0,0,0.24236252545824846,62.805625,0,0,1,0,0,0,0,0,0,0,0,0,1,0,1,0
638,0,0.47282608695652173,0,1,2,0,0,0,1,0.47282608695652173,689.0625,1,0,0,0,0,0,0,0,0,0,0,0,1,0,1,0
639,0,0.24236252545824846,1,2,3,0,0,0,0,0.4847250509164969,1575.09765625,0,0,0,0,1,0,0,0,0,0,0,0,1,0,0,1
640,0,0.24236252545824846,0,1,2,0,0,0,1,0.24236252545824846,259.21000000000004,0,0,0,0,1,0,0,0,0,0,0,0,1,0,1,0
641,0,0.24236252545824846,0,1,0,0,1,0,0,0.24236252545824846,61.688457639999996,0,0,0,0,1,0,0,0,0,0,0,0,1,0,1,0
642,1,0.6296296296296297,1,1,3,1,1,0,0,0.6296296296296297,4802.49,0,0,0,0,0,1,1,0,0,0,0,0,0,0,0,1
643,0,0.24236252545824846,1,0,2,0,0,0,0,0.0,778.41,0,0,0,0,1,0,0,0,0,0,0,0,1,1,0,0
644,1,0.24236252545824846,0,1,3,0,1,0,0,0.24236252545824846,3191.7754176400003,0,0,0,0,1,0,0,0,0,0,0,0,1,0,1,0
645,1,0.24236252545824846,1,0,2,1,0,1,0,0.0,370.88211888999996,0,0,0,0,1,0,0,0,0,0,0,0,1,1,0,0
646,1,0.6296296296296297,0,2,3,1,0,0,1,1.2592592592592593,5887.3701326400005,0,0,0,0,0,1,0,0,1,0,0,0,0,0,1,0
647,0,0.24236252545824846,0,1,0,0,1,0,0,0.24236252545824846,62.34365764,0,0,0,0,1,0,0,0,0,0,0,0,1,0,1,0
648,1,0.6296296296296297,0,3,3,1,1,0,0,1.8888888888888888,1260.25,0,0,0,0,1,0,0,0,0,0,0,0,0,0,1,0
649,0,0.24236252545824846,0,1,0,0,1,0,0,0.24236252545824846,57.0025,0,0,0,0,0,1,0,0,0,0,0,0,1,0,1,0
650,1,0.24236252545824846,1,1,0,0,1,0,0,0.24236252545824846,57.0025,1,0,0,0,0,0,0,0,0,0,0,0,1,1,0,0
651,0,0.24236252545824846,0,1,0,0,1,0,0,0.24236252545824846,62.34365764,0,0,0,0,1,0,0,0,0,0,0,0,1,0,1,0
652,1,0.47282608695652173,1,1,2,0,0,0,1,0.47282608695652173,529.0,0,0,0,0,1,0,0,0,0,0,0,0,1,1,0,0
653,0,0.24236252545824846,0,1,1,0,1,0,0,0.24236252545824846,71.12054888999998,0,0,0,0,1,0,0,0,0,0,0,0,1,0,1,0
654,1,0.24236252545824846,1,1,0,2,1,0,0,0.24236252545824846,61.29637264,0,0,0,0,1,0,0,0,0,0,0,0,1,1,0,0
655,0,0.24236252545824846,1,1,0,2,1,0,0,0.24236252545824846,45.5625,0,0,0,0,1,0,0,0,0,0,0,0,1,1,0,0
656,0,0.47282608695652173,0,1,3,0,0,0,1,0.47282608695652173,5402.25,0,0,0,0,0,1,0,0,0,0,0,0,1,0,1,0
657,0,0.24236252545824846,0,1,0,0,1,0,0,0.24236252545824846,62.34365764,0,0,0,0,1,0,0,0,0,0,0,0,1,0,1,0
658,0,0.24236252545824846,1,1,2,2,0,0,1,0.24236252545824846,240.25,0,0,0,0,1,0,0,0,0,0,0,0,1,0,0,1
659,0,0.47282608695652173,0,1,1,0,1,0,0,0.47282608695652173,169.0,0,0,0,0,1,0,0,0,0,0,0,0,1,0,1,0
660,0,0.6296296296296297,0,3,3,1,0,0,1,1.8888888888888888,12831.225625000001,0,0,0,0,1,0,0,0,1,0,0,0,0,0,1,0
661,1,0.6296296296296297,0,3,3,0,0,0,1,1.8888888888888888,17862.322500000002,0,0,0,0,0,1,0,0,0,0,0,0,1,0,1,0
662,0,0.24236252545824846,0,2,0,1,1,0,0,0.4847250509164969,52.200624999999995,0,0,0,0,1,0,0,0,0,0,0,0,1,0,1,0
663,0,0.6296296296296297,0,2,2,0,1,0,0,1.2592592592592593,654.72015625,0,0,0,0,1,0,0,0,0,1,0,0,0,0,1,0
664,0,0.24236252545824846,0,2,0,0,1,0,0,0.4847250509164969,56.18701764,0,0,0,0,1,0,0,0,0,0,0,0,1,0,1,0
665,1,0.24236252545824846,0,1,1,0,0,0,1,0.24236252545824846,62.805625,0,0,1,0,0,0,0,0,0,0,0,0,1,0,1,0
666,0,0.47282608695652173,0,1,3,0,0,0,1,0.47282608695652173,5402.25,0,0,0,0,0,1,0,0,0,0,0,0,1,0,1,0
667,0,0.47282608695652173,0,1,1,0,1,0,0,0.47282608695652173,169.0,0,0,0,0,1,0,0,0,0,0,0,0,1,0,1,0
668,0,0.24236252545824846,0,1,0,0,1,0,0,0.24236252545824846,60.450625,0,0,0,0,1,0,0,0,0,0,0,0,1,0,1,0
669,0,0.24236252545824846,0,2,1,0,1,0,0,0.4847250509164969,64.80250000000001,0,0,0,0,0,0,0,0,0,0,0,0,1,0,1,0
670,1,0.6296296296296297,1,2,3,0,0,0,1,1.2592592592592593,2704.0,0,0,0,0,1,0,0,1,0,0,0,0,0,0,0,1
671,1,0.47282608695652173,1,2,3,0,0,0,1,0.9456521739130435,1521.0,0,0,0,0,1,0,0,0,0,0,0,0,1,0,0,1
672,0,0.6296296296296297,0,1,3,0,0,0,1,0.6296296296296297,2704.0,0,0,0,0,0,1,1,0,0,0,0,0,0,0,1,0
673,0,0.47282608695652173,0,4,1,0,1,0,0,1.891304347826087,110.25,1,0,0,0,0,0,0,0,0,0,0,0,1,0,1,0
674,1,0.47282608695652173,0,1,1,0,1,0,0,0.47282608695652173,169.0,0,0,0,0,1,0,0,0,0,0,0,0,1,0,1,0
675,0,0.47282608695652173,0,1,0,0,1,0,0,0.47282608695652173,0.0,0,0,0,0,1,0,0,0,0,0,0,0,1,0,1,0
676,0,0.24236252545824846,0,1,0,0,1,0,0,0.24236252545824846,60.450625,0,0,0,0,1,0,0,0,0,0,0,0,1,0,1,0
677,0,0.24236252545824846,0,1,1,0,1,0,0,0.24236252545824846,64.80250000000001,0,0,0,0,1,0,0,0,0,0,0,0,1,0,1,0
678,1,0.24236252545824846,1,1,1,0,1,0,0,0.24236252545824846,96.85905888999999,0,0,0,0,1,0,0,0,0,0,0,0,1,1,0,0
679,0,0.24236252545824846,1,2,3,0,0,0,0,0.4847250509164969,2199.6099999999997,1,0,0,0,0,0,0,0,0,0,0,0,1,0,0,1
680,1,0.6296296296296297,0,2,3,1,0,0,1,1.2592592592592593,262481.20917264,0,0,0,0,0,1,1,0,0,0,0,0,0,0,1,0
681,0,0.24236252545824846,1,1,1,2,1,0,0,0.24236252545824846,66.21890624999999,0,0,0,0,1,0,0,0,0,0,0,0,1,1,0,0
682,1,0.6296296296296297,0,1,3,1,1,0,0,0.6296296296296297,5887.3701326400005,0,0,0,0,0,1,0,0,1,0,0,0,0,0,1,0
683,0,0.24236252545824846,0,1,1,0,1,0,0,0.24236252545824846,85.100625,0,0,0,0,1,0,0,0,0,0,0,0,1,0,1,0
684,0,0.24236252545824846,0,0,3,0,0,0,0,0.0,2199.6099999999997,1,0,0,0,0,0,0,0,0,0,0,0,1,0,1,0
685,0,0.47282608695652173,0,3,3,0,0,0,1,1.4184782608695652,1521.0,0,0,0,0,1,0,0,0,0,0,0,0,1,0,1,0
686,0,0.47282608695652173,0,1,3,1,0,1,0,0.47282608695652173,1728.82987264,0,1,0,0,0,0,0,0,0,0,0,0,1,0,1,0
687,0,0.24236252545824846,0,0,3,0,0,0,0,0.0,1575.09765625,0,0,0,0,1,0,0,0,0,0,0,0,1,0,1,0
688,0,0.24236252545824846,0,1,1,0,1,0,0,0.24236252545824846,103.44517264,0,0,0,0,1,0,0,0,0,0,0,0,1,0,1,0
689,0,0.24236252545824846,0,1,0,0,1,0,0,0.24236252545824846,60.77449764,0,0,0,0,1,0,0,0,0,0,0,0,1,0,1,0
690,1,0.6296296296296297,1,0,3,0,0,0,1,0.0,44663.53890625,0,0,0,0,1,0,1,0,0,0,0,0,0,1,0,0
691,1,0.6296296296296297,0,1,3,0,0,0,1,0.6296296296296297,3249.0,0,0,0,0,1,0,1,0,0,0,0,0,0,0,1,0
692,1,0.24236252545824846,1,0,1,1,0,0,1,0.0,180.00783889000002,0,0,0,0,1,0,0,0,0,0,0,0,1,1,0,0
693,1,0.24236252545824846,0,1,3,0,1,0,0,0.24236252545824846,3191.7754176400003,0,0,0,0,1,0,0,0,0,0,0,0,1,0,1,0
694,0,0.24236252545824846,0,1,0,1,1,0,0,0.24236252545824846,52.200624999999995,0,0,0,0,1,0,0,0,0,0,0,0,1,0,1,0
695,0,0.6296296296296297,0,3,2,0,1,0,0,1.8888888888888888,704.9025,0,0,0,0,1,0,0,0,0,0,0,0,1,0,1,0
696,0,0.47282608695652173,0,3,1,0,1,0,0,1.4184782608695652,182.25,0,0,0,0,1,0,0,0,0,0,0,0,1,0,1,0
697,0,0.24236252545824846,0,2,1,0,1,0,0,0.4847250509164969,64.80250000000001,0,0,0,0,1,0,0,0,0,0,0,0,1,0,1,0
698,1,0.24236252545824846,1,1,0,2,1,0,0,0.24236252545824846,59.803928889999995,0,0,0,0,1,0,0,0,0,0,0,0,1,1,0,0
699,0,0.6296296296296297,0,3,3,1,0,0,1,1.8888888888888888,12295.106218890001,0,0,0,0,1,0,0,1,0,0,0,0,0,0,1,0
700,0,0.24236252545824846,0,2,0,0,1,0,0,0.4847250509164969,58.52250000000001,0,0,0,0,1,0,0,0,0,0,1,0,0,0,1,0
701,1,0.6296296296296297,1,1,3,1,0,0,1,0.6296296296296297,51767.625625,0,0,0,0,0,1,0,1,0,0,0,0,0,0,0,1
702,1,0.6296296296296297,0,2,2,0,1,0,0,1.2592592592592593,691.0326562500001,0,0,0,0,0,1,0,0,0,1,0,0,0,0,1,0
703,0,0.24236252545824846,1,1,2,1,0,0,1,0.24236252545824846,208.92389764,0,0,0,0,1,0,0,0,0,0,0,0,1,1,0,0
704,0,0.24236252545824846,0,1,0,2,1,0,0,0.24236252545824846,59.933918889999994,0,0,0,0,1,0,0,0,0,0,0,0,1,0,1,0
705,0,0.24236252545824846,0,1,0,0,0,0,1,0.24236252545824846,61.688457639999996,0,0,0,0,1,0,0,0,0,0,0,0,1,0,1,0
706,0,0.47282608695652173,0,2,2,0,1,0,0,0.9456521739130435,676.0,0,0,0,0,1,0,0,0,0,0,0,0,1,0,1,0
707,1,0.47282608695652173,1,2,1,0,1,0,0,0.9456521739130435,182.25,0,0,0,0,1,0,0,0,0,0,0,0,1,0,0,1
708,1,0.6296296296296297,0,2,2,0,1,0,0,1.2592592592592593,691.0326562500001,0,0,0,0,0,1,0,0,0,1,0,0,0,0,1,0
709,1,0.6296296296296297,1,1,3,0,1,0,0,0.6296296296296297,22967.402500000004,0,0,0,0,1,0,0,0,0,0,0,0,1,1,0,0
710,1,0.24236252545824846,0,1,2,1,0,0,1,0.24236252545824846,232.43441763999996,0,0,0,0,1,0,0,0,0,0,0,0,1,0,0,0
711,1,0.6296296296296297,1,1,3,1,1,0,0,0.6296296296296297,2450.6658176399997,0,0,0,0,0,1,0,1,0,0,0,0,0,0,0,1
712,0,0.6296296296296297,0,2,2,0,1,0,0,1.2592592592592593,704.9025,0,0,0,0,1,0,0,1,0,0,0,0,0,0,1,0
713,1,0.6296296296296297,0,2,3,0,0,0,1,1.2592592592592593,2704.0,0,0,0,0,1,0,0,1,0,0,0,0,0,0,1,0
714,0,0.24236252545824846,0,1,1,0,1,0,0,0.24236252545824846,89.93297889,0,0,0,0,1,0,0,0,0,0,0,0,1,0,1,0
715,0,0.47282608695652173,0,3,1,0,1,0,0,1.4184782608695652,169.0,0,0,0,0,1,0,0,0,0,0,0,0,1,0,1,0
716,0,0.24236252545824846,0,1,0,0,1,0,0,0.24236252545824846,58.52250000000001,0,0,0,0,1,0,0,0,0,0,1,0,0,0,1,0
717,1,0.6296296296296297,1,2,3,1,1,0,0,1.2592592592592593,51767.625625,0,0,0,0,0,1,0,1,0,0,0,0,0,1,0,0
718,1,0.47282608695652173,1,1,1,0,1,0,0,0.47282608695652173,110.25,0,0,0,0,1,0,0,0,0,1,0,0,0,1,0,0
719,0,0.24236252545824846,0,1,2,2,1,0,0,0.24236252545824846,240.25,0,0,0,0,1,0,0,0,0,0,0,0,1,0,1,0
720,0,0.24236252545824846,0,2,0,0,1,0,0,0.4847250509164969,60.450625,0,0,0,0,1,0,0,0,0,0,0,0,1,0,1,0
721,1,0.47282608695652173,1,0,3,0,0,0,1,0.0,1089.0,0,0,0,0,1,0,0,0,0,0,0,0,1,1,0,0
722,0,0.24236252545824846,0,1,0,0,0,0,1,0.24236252545824846,49.76173764,0,0,0,0,1,0,0,0,0,0,0,0,1,0,1,0
723,0,0.47282608695652173,0,2,1,0,1,0,0,0.9456521739130435,169.0,0,0,0,0,1,0,0,0,0,0,0,0,1,0,1,0
724,0,0.47282608695652173,0,3,1,0,1,0,0,1.4184782608695652,169.0,0,0,0,0,1,0,0,0,0,0,0,0,1,0,1,0
725,1,0.6296296296296297,0,1,3,0,0,0,1,0.6296296296296297,2819.61,0,0,0,0,1,0,0,0,0,1,0,0,0,0,1,0
726,0,0.24236252545824846,0,1,1,0,1,0,0,0.24236252545824846,75.03890625,0,0,0,0,1,0,0,0,0,0,0,0,1,0,1,0
727,1,0.47282608695652173,1,1,2,0,0,1,0,0.47282608695652173,441.0,0,0,0,0,1,0,0,0,0,0,0,0,1,0,0,1
728,1,0.24236252545824846,1,1,0,2,1,0,0,0.24236252545824846,59.868906249999995,0,0,0,0,1,0,0,0,0,0,0,0,1,1,0,0
729,0,0.47282608695652173,0,1,2,0,0,0,1,0.47282608695652173,676.0,0,0,0,0,1,0,0,0,0,0,0,0,1,0,1,0
730,0,0.24236252545824846,1,1,1,0,0,0,1,0.24236252545824846,62.805625,0,0,1,0,0,0,0,0,0,0,0,0,1,1,0,0
731,1,0.6296296296296297,1,1,3,0,1,0,0,0.6296296296296297,44663.53890625,0,0,0,0,1,0,1,0,0,0,0,0,0,1,0,0
732,0,0.24236252545824846,0,0,2,1,1,0,0,0.0,352.97015625000006,0,0,0,0,1,0,0,0,0,0,0,0,1,0,1,0
733,0,0.47282608695652173,0,1,0,0,1,0,0,0.47282608695652173,0.0,0,0,0,0,1,0,0,0,0,0,0,0,1,0,1,0
734,0,0.47282608695652173,0,1,1,0,1,0,0,0.47282608695652173,169.0,0,0,0,0,1,0,0,0,0,0,0,0,1,0,1,0
735,0,0.47282608695652173,0,1,1,0,1,0,0,0.47282608695652173,169.0,0,0,0,0,1,0,0,0,0,0,0,0,1,0,1,0
736,0,0.24236252545824846,0,1,2,0,1,0,0,0.24236252545824846,259.21000000000004,0,0,0,0,1,0,0,0,0,0,0,0,1,0,1,0
737,0,0.24236252545824846,1,2,3,0,0,0,0,0.4847250509164969,1181.640625,0,0,0,1,0,0,0,0,0,0,0,0,1,0,0,1
738,1,0.6296296296296297,0,2,3,1,1,0,0,1.2592592592592593,262481.20917264,0,0,0,0,0,1,1,0,0,0,0,0,0,0,1,0
739,0,0.24236252545824846,0,1,0,0,1,0,0,0.24236252545824846,62.34365764,0,0,0,0,1,0,0,0,0,0,0,0,1,0,1,0
740,0,0.24236252545824846,0,1,0,0,1,0,0,0.24236252545824846,62.34365764,0,0,0,0,1,0,0,0,0,0,0,0,1,0,1,0
741,1,0.6296296296296297,0,2,2,0,1,0,0,1.2592592592592593,900.0,0,0,0,0,1,0,0,0,1,0,0,0,0,0,1,0
742,0,0.6296296296296297,0,2,3,0,0,0,1,1.2592592592592593,6217.322499999999,0,0,0,0,1,0,0,1,0,0,0,0,0,0,1,0
743,1,0.6296296296296297,1,1,3,1,0,0,0,0.6296296296296297,68840.640625,0,0,0,0,0,1,1,0,0,0,0,0,0,1,0,0
744,0,0.24236252545824846,0,1,2,0,0,0,1,0.24236252545824846,259.21000000000004,0,0,0,0,1,0,0,0,0,0,0,0,1,0,1,0
745,1,0.24236252545824846,0,1,1,0,1,0,0,0.24236252545824846,62.805625,0,0,1,0,0,0,0,0,0,0,0,0,1,0,1,0
746,0,0.6296296296296297,0,4,3,0,0,0,1,2.5185185185185186,5041.0,0,0,0,0,0,1,1,0,0,0,0,0,0,0,1,0
747,0,0.24236252545824846,0,0,2,0,0,0,1,0.0,410.0625,1,0,0,0,0,0,0,0,0,0,0,0,1,0,1,0
748,1,0.47282608695652173,1,1,1,0,1,0,0,0.47282608695652173,169.0,0,0,0,0,1,0,0,0,0,0,0,0,1,1,0,0
749,0,0.6296296296296297,0,1,3,0,0,0,1,0.6296296296296297,2819.61,0,0,0,0,1,0,0,0,1,0,0,0,0,0,1,0
750,0,0.24236252545824846,0,1,0,2,1,0,0,0.24236252545824846,60.0625,0,0,0,0,1,0,0,0,0,0,0,0,1,0,1,0
751,1,0.47282608695652173,1,0,2,0,0,0,1,0.0,529.0,0,0,0,0,1,0,0,0,0,0,0,0,1,1,0,0
752,1,0.24236252545824846,0,0,1,0,0,0,1,0.0,155.62562499999999,0,0,0,0,1,0,0,0,0,1,0,0,0,0,0,0
753,0,0.24236252545824846,0,2,1,0,1,0,0,0.4847250509164969,90.25,0,0,0,0,1,0,0,0,0,0,0,0,1,0,1,0
754,0,0.24236252545824846,0,1,0,0,1,0,0,0.24236252545824846,62.34365764,0,0,0,0,1,0,0,0,0,0,0,0,1,0,1,0
755,1,0.47282608695652173,1,2,3,0,0,1,0,0.9456521739130435,4225.0,0,0,0,0,1,0,0,0,0,0,0,0,1,0,0,1
756,1,0.47282608695652173,0,0,2,0,0,0,1,0.0,210.25,0,0,0,0,1,0,0,0,0,0,0,0,1,0,0,0
757,0,0.24236252545824846,0,1,0,0,1,0,0,0.24236252545824846,60.77449764,0,0,0,0,1,0,0,0,0,0,0,0,1,0,1,0
758,0,0.47282608695652173,0,1,1,0,1,0,0,0.47282608695652173,132.25,0,0,0,0,1,0,0,0,0,0,0,0,1,0,1,0
759,0,0.24236252545824846,0,2,1,0,1,0,0,0.4847250509164969,64.80250000000001,0,0,0,0,1,0,0,0,0,0,0,0,1,0,1,0
760,1,0.6296296296296297,1,2,3,0,1,0,0,1.2592592592592593,7482.25,0,0,0,0,1,0,1,0,0,0,0,0,0,0,0,1
761,0,0.24236252545824846,0,1,2,0,1,0,0,0.24236252545824846,210.25,0,0,0,0,1,0,0,0,0,0,0,0,1,0,1,0
762,0,0.24236252545824846,0,2,0,0,1,0,0,0.4847250509164969,50.765625,0,0,1,0,0,0,0,0,0,0,0,0,1,0,1,0
763,1,0.24236252545824846,0,1,0,1,1,0,0,0.24236252545824846,52.26133263999999,0,0,0,0,1,0,0,0,0,0,0,0,1,0,1,0
764,1,0.6296296296296297,1,2,3,0,0,1,0,1.2592592592592593,14400.0,0,0,0,0,1,0,1,0,0,0,0,0,0,0,0,1
765,0,0.24236252545824846,0,0,0,0,1,0,0,0.0,60.450625,0,0,0,0,1,0,0,0,0,0,0,0,1,0,1,0
766,1,0.6296296296296297,1,3,3,0,0,0,1,1.8888888888888888,6077.496538889999,0,0,0,0,1,0,0,0,1,0,0,0,0,0,0,1
767,0,0.6296296296296297,0,2,3,1,1,0,0,1.2592592592592593,1568.16,0,0,0,0,1,0,0,0,0,0,0,0,1,0,1,0
768,0,0.24236252545824846,1,1,0,2,1,0,0,0.24236252545824846,60.0625,0,0,0,0,1,0,0,0,0,0,0,0,1,1,0,0
769,0,0.24236252545824846,0,1,2,2,0,0,1,0.24236252545824846,583.2225,0,0,0,0,1,0,0,0,0,0,0,0,1,0,1,0
770,0,0.24236252545824846,0,1,1,0,1,0,0,0.24236252545824846,69.93140625000001,0,0,0,0,1,0,0,0,0,0,0,0,1,0,1,0
771,0,0.24236252545824846,0,1,1,0,1,0,0,0.24236252545824846,90.25,0,0,0,0,1,0,0,0,0,0,0,0,1,0,1,0
772,0,0.24236252545824846,0,2,0,0,1,0,0,0.4847250509164969,61.688457639999996,0,0,0,0,1,0,0,0,0,0,0,0,1,0,1,0
773,0,0.47282608695652173,1,3,1,0,1,0,0,1.4184782608695652,110.25,0,0,0,0,0,1,0,0,0,1,0,0,0,0,0,1
774,0,0.24236252545824846,0,1,0,1,1,0,0,0.24236252545824846,52.200624999999995,0,0,0,0,1,0,0,0,0,0,0,0,1,0,1,0
775,1,0.47282608695652173,1,3,2,0,0,0,0,1.4184782608695652,529.0,0,0,0,0,1,0,0,0,0,0,0,0,1,0,0,1
776,0,0.24236252545824846,0,1,0,0,1,0,0,0.24236252545824846,60.0625,0,0,0,0,1,0,0,0,0,0,0,0,1,0,1,0
777,0,0.24236252545824846,0,1,0,2,1,0,0,0.24236252545824846,60.0625,0,0,0,0,1,0,0,0,0,0,1,0,0,0,1,0
778,1,0.24236252545824846,1,0,1,0,1,0,0,0.0,155.62562499999999,0,0,0,0,1,0,0,0,0,0,0,0,1,1,0,0
779,0,0.24236252545824846,0,1,0,2,1,0,0,0.24236252545824846,59.868906249999995,0,0,0,0,1,0,0,0,0,0,0,0,1,0,1,0
780,1,0.6296296296296297,1,2,3,0,0,0,1,1.2592592592592593,44663.53890625,0,0,0,0,1,0,1,0,0,0,0,0,0,0,0,1
781,1,0.24236252545824846,1,0,0,1,1,0,0,0.0,52.26133263999999,0,0,0,0,1,0,0,0,0,0,0,0,1,1,0,0
782,1,0.6296296296296297,1,1,3,0,0,0,1,0.6296296296296297,3249.0,0,0,0,0,1,0,1,0,0,0,0,0,0,0,0,1
783,0,0.6296296296296297,0,1,2,0,1,0,0,0.6296296296296297,900.0,0,0,0,0,1,0,0,0,1,0,0,0,0,0,1,0
784,0,0.24236252545824846,0,1,2,0,0,1,0,0.24236252545824846,549.9024999999999,0,0,0,1,0,0,0,0,0,0,0,0,1,0,1,0
785,0,0.24236252545824846,0,1,0,0,1,0,0,0.24236252545824846,49.7025,0,0,1,0,0,0,0,0,0,0,0,0,1,0,1,0
786,0,0.24236252545824846,0,1,0,0,1,0,0,0.24236252545824846,52.5625,0,0,0,0,1,0,0,0,0,0,0,0,1,0,1,0
787,1,0.24236252545824846,1,1,0,0,1,0,0,0.24236252545824846,56.18701764,0,0,0,0,1,0,0,0,0,0,0,0,1,1,0,0
788,0,0.24236252545824846,0,0,2,2,0,0,0,0.0,848.265625,0,0,0,0,1,0,0,0,0,0,0,0,1,0,0,0
789,1,0.24236252545824846,0,0,2,0,0,1,0,0.0,423.330625,1,0,0,0,0,0,0,0,0,0,0,0,1,0,0,0
790,0,0.6296296296296297,0,2,3,1,1,0,0,1.2592592592592593,6272.64,0,0,0,0,0,1,1,0,0,0,0,0,0,0,1,0
791,0,0.24236252545824846,0,1,0,2,1,0,0,0.24236252545824846,60.0625,0,0,0,0,1,0,0,0,0,0,0,0,1,0,1,0
792,0,0.47282608695652173,0,0,2,0,1,0,0,0.0,676.0,0,0,0,0,1,0,0,0,0,0,0,0,1,0,1,0
793,0,0.24236252545824846,1,1,3,0,0,0,0,0.24236252545824846,4837.202499999999,1,0,0,0,0,0,0,0,0,0,0,0,1,1,0,0
794,0,0.6296296296296297,0,2,2,1,1,0,0,1.2592592592592593,942.2321376399999,0,0,0,0,0,1,0,0,0,0,0,0,1,0,1,0
795,0,0.24236252545824846,0,1,0,0,1,0,0,0.24236252545824846,62.34365764,0,0,0,0,1,0,0,0,0,0,0,0,1,0,1,0
796,0,0.47282608695652173,0,2,1,0,1,0,0,0.9456521739130435,169.0,0,0,0,0,1,0,0,0,0,0,0,0,1,0,1,0
797,1,0.6296296296296297,1,3,2,0,1,0,0,1.8888888888888888,672.3234126400001,0,0,0,0,1,0,0,0,1,0,0,0,0,0,1,0
798,1,0.24236252545824846,1,1,1,0,1,0,0,0.24236252545824846,75.39969888999998,0,0,0,0,1,0,0,0,0,0,0,0,1,0,0,1
799,0,0.24236252545824846,0,1,0,1,1,0,0,0.24236252545824846,52.26133263999999,0,0,0,0,1,0,0,0,0,0,0,0,1,0,1,0
800,0,0.24236252545824846,1,1,2,0,0,0,1,0.24236252545824846,583.2225,0,0,0,0,1,0,0,0,0,0,0,0,1,0,0,1
801,0,0.47282608695652173,0,2,1,0,1,0,0,0.9456521739130435,169.0,0,0,0,0,1,0,0,0,0,0,0,0,1,0,1,0
802,1,0.47282608695652173,1,1,2,0,0,0,1,0.47282608695652173,689.0625,1,0,0,0,0,0,0,0,0,0,0,0,1,0,0,1
803,1,0.6296296296296297,0,0,3,0,0,1,0,0.0,14400.0,0,0,0,0,1,0,1,0,0,0,0,0,0,0,0,0
804,1,0.24236252545824846,0,0,1,1,0,0,1,0.0,72.53417889,0,0,0,0,1,0,0,0,0,0,0,0,1,0,0,0
805,1,0.24236252545824846,0,1,0,0,1,0,0,0.24236252545824846,48.650625,0,0,0,0,1,0,0,0,0,0,0,0,1,0,1,0
806,0,0.24236252545824846,0,1,0,0,1,0,0,0.24236252545824846,60.450625,0,0,0,0,1,0,0,0,0,0,0,0,1,0,1,0
807,0,0.6296296296296297,0,2,0,0,1,0,0,1.2592592592592593,0.0,0,0,0,0,1,0,0,0,0,0,0,0,0,0,1,0
808,0,0.24236252545824846,1,1,0,0,1,0,0,0.24236252545824846,60.450625,0,0,0,0,1,0,0,0,0,0,0,0,1,1,0,0
809,0,0.47282608695652173,0,2,1,0,1,0,0,0.9456521739130435,169.0,0,0,0,0,1,0,0,0,0,0,0,0,1,0,1,0
810,1,0.6296296296296297,1,2,3,0,0,0,1,1.2592592592592593,2819.61,0,0,0,0,1,0,0,0,0,1,0,0,0,0,0,1
811,0,0.24236252545824846,0,1,0,0,1,0,0,0.24236252545824846,62.21265625,0,0,0,0,1,0,0,0,0,0,0,0,1,0,1,0
812,0,0.24236252545824846,0,2,2,0,1,0,0,0.4847250509164969,583.2225,0,0,0,0,0,0,0,0,0,0,0,0,1,0,1,0
813,0,0.47282608695652173,0,2,1,0,1,0,0,0.9456521739130435,110.25,0,0,0,0,1,0,0,0,0,0,0,0,1,0,1,0
814,0,0.24236252545824846,1,0,3,0,0,0,0,0.0,978.1256249999999,0,0,0,0,1,0,0,0,0,0,0,0,1,1,0,0
815,0,0.24236252545824846,0,1,1,0,1,0,0,0.24236252545824846,64.80250000000001,0,0,0,0,1,0,0,0,0,0,0,0,1,0,1,0
816,0,0.6296296296296297,0,2,0,0,1,0,0,1.2592592592592593,0.0,0,0,0,0,1,0,1,0,0,0,0,0,0,0,1,0
817,0,0.24236252545824846,1,1,1,0,1,0,0,0.24236252545824846,62.805625,0,0,1,0,0,0,0,0,0,0,0,0,1,1,0,0
818,0,0.47282608695652173,0,1,3,1,0,0,1,0.47282608695652173,1369.3108176399999,0,1,0,0,0,0,0,0,0,0,0,0,1,0,1,0
819,0,0.24236252545824846,0,2,0,0,1,0,0,0.4847250509164969,41.6025,0,0,0,0,0,1,0,0,0,0,0,0,1,0,1,0
820,0,0.24236252545824846,0,0,2,0,0,0,0,0.0,778.41,0,0,0,0,1,0,0,0,0,0,0,0,1,0,0,0
821,1,0.6296296296296297,1,3,3,0,0,0,1,1.8888888888888888,8742.25,0,0,0,0,1,0,1,0,0,0,0,0,0,0,0,1
822,1,0.24236252545824846,0,1,1,0,1,0,0,0.24236252545824846,75.03890625,0,0,0,0,1,0,0,0,0,0,0,0,1,0,1,0
823,0,0.6296296296296297,0,2,0,0,1,0,0,1.2592592592592593,0.0,0,0,0,0,1,0,0,0,0,0,0,0,1,0,1,0
824,1,0.24236252545824846,1,1,1,0,0,0,1,0.24236252545824846,155.62562499999999,0,0,0,0,1,0,0,0,0,1,0,0,0,0,0,1
825,0,0.24236252545824846,0,0,3,0,0,0,0,0.0,1575.09765625,0,0,0,0,1,0,0,0,0,0,0,0,1,0,0,0
826,0,0.24236252545824846,0,1,0,2,1,0,0,0.24236252545824846,48.3025,0,0,0,0,1,0,0,0,0,0,0,0,1,0,1,0
827,0,0.24236252545824846,0,1,3,0,1,0,0,0.24236252545824846,3191.7754176400003,0,0,0,0,1,0,0,0,0,0,0,0,1,0,1,0
828,1,0.47282608695652173,0,0,3,1,0,0,1,0.0,1369.3108176399999,0,1,0,0,0,0,0,0,0,0,0,0,1,0,0,0
829,1,0.24236252545824846,0,1,0,2,1,0,0,0.24236252545824846,60.0625,0,0,0,0,1,0,0,0,0,0,0,0,1,0,1,0
830,1,0.6296296296296297,1,3,3,0,1,0,0,1.8888888888888888,6400.0,0,0,0,0,1,0,1,0,0,0,0,0,0,0,0,1
831,1,0.24236252545824846,1,0,2,1,0,0,1,0.0,208.92389764,0,0,0,0,1,0,0,0,0,0,0,0,1,0,0,1
832,1,0.47282608695652173,0,0,2,0,0,0,1,0.0,351.5625,0,0,0,0,1,0,0,0,0,0,0,0,1,0,0,0
833,0,0.24236252545824846,0,1,0,1,1,0,0,0.24236252545824846,52.26133263999999,0,0,0,0,1,0,0,0,0,0,0,0,1,0,1,0
834,0,0.24236252545824846,0,1,0,0,1,0,0,0.24236252545824846,61.688457639999996,0,0,0,0,1,0,0,0,0,0,0,0,1,0,1,0
835,0,0.24236252545824846,0,1,1,0,1,0,0,0.24236252545824846,68.89000000000001,0,0,0,0,1,0,0,0,0,0,0,0,1,0,1,0
836,1,0.6296296296296297,1,2,3,1,0,0,1,1.2592592592592593,6915.30285889,0,0,0,0,0,1,0,0,0,1,0,0,0,1,0,0
837,0,0.24236252545824846,0,1,1,0,1,0,0,0.24236252545824846,75.03890625,0,0,0,0,1,0,0,0,0,0,0,0,1,0,1,0
838,0,0.24236252545824846,0,1,1,0,1,0,0,0.24236252545824846,64.80250000000001,0,0,0,0,1,0,0,0,0,0,0,0,1,0,1,0
839,1,0.24236252545824846,0,1,3,0,1,0,0,0.24236252545824846,3191.7754176400003,0,0,0,0,1,0,0,0,0,0,0,0,1,0,1,0
840,1,0.6296296296296297,0,2,2,1,1,0,0,1.2592592592592593,882.0899999999999,0,0,0,0,1,0,0,1,0,0,0,0,0,0,1,0
841,0,0.24236252545824846,0,1,1,0,1,0,0,0.24236252545824846,62.805625,0,0,1,0,0,0,0,0,0,0,0,0,1,0,1,0
842,0,0.47282608695652173,0,0,1,0,1,0,0,0.0,110.25,0,0,0,0,0,1,0,0,0,0,0,0,1,0,1,0
843,1,0.6296296296296297,1,1,2,1,1,0,0,0.6296296296296297,961.0,0,0,0,0,1,0,0,0,0,0,0,0,1,1,0,0
844,0,0.24236252545824846,0,2,0,1,1,0,0,0.4847250509164969,41.44140625,0,0,0,0,1,0,0,0,0,0,0,0,1,0,1,0
845,0,0.24236252545824846,0,1,1,0,1,0,0,0.24236252545824846,75.03890625,0,0,0,0,1,0,0,0,0,0,0,0,1,0,1,0
846,0,0.24236252545824846,0,2,0,0,1,0,0,0.4847250509164969,57.0025,1,0,0,0,0,0,0,0,0,0,0,0,1,0,1,0
847,0,0.24236252545824846,0,1,3,0,0,0,0,0.24236252545824846,4837.202499999999,1,0,0,0,0,0,0,0,0,0,0,0,1,0,1,0
848,0,0.24236252545824846,0,2,0,1,1,0,0,0.4847250509164969,62.34365764,0,0,0,0,1,0,0,0,0,0,0,0,1,0,1,0
849,0,0.47282608695652173,0,1,3,0,0,0,1,0.47282608695652173,1089.0,0,0,0,0,1,0,0,0,0,0,0,0,1,0,1,0
850,1,0.6296296296296297,1,2,3,1,0,0,1,1.2592592592592593,7939.558457640001,0,0,0,0,1,0,0,1,0,0,0,0,0,0,0,1
851,0,0.24236252545824846,0,0,3,0,0,0,0,0.0,978.1256249999999,0,0,0,0,1,0,0,0,0,0,0,0,1,0,0,0
852,0,0.24236252545824846,0,4,0,0,1,0,0,0.9694501018329938,60.450625,0,0,0,0,1,0,0,0,0,0,0,0,1,0,1,0
853,0,0.24236252545824846,1,0,2,1,0,0,1,0.0,232.43441763999996,0,0,0,0,1,0,0,0,0,0,0,0,1,1,0,0
854,1,0.6296296296296297,1,0,3,0,0,0,1,0.0,1552.36,0,0,0,0,0,1,0,0,1,0,0,0,0,1,0,0
855,0,0.47282608695652173,1,2,2,0,0,0,1,0.9456521739130435,676.0,0,0,0,0,1,0,0,0,0,0,0,0,1,0,0,1
856,1,0.24236252545824846,1,1,1,0,0,0,1,0.24236252545824846,87.4225,0,0,0,0,1,0,0,0,0,0,0,0,1,0,0,1
857,1,0.6296296296296297,1,2,3,0,0,0,1,1.2592592592592593,27181.028768890003,0,0,0,0,1,0,0,0,0,0,0,0,1,0,0,1
858,1,0.6296296296296297,0,3,2,0,1,0,0,1.8888888888888888,704.9025,0,0,0,0,1,0,0,0,0,1,0,0,0,0,1,0
859,1,0.24236252545824846,1,1,2,1,0,1,0,0.24236252545824846,370.88211888999996,0,0,0,0,1,0,0,0,0,0,0,0,1,0,0,1
860,0,0.24236252545824846,0,1,0,1,1,0,0,0.24236252545824846,52.26133263999999,0,0,0,0,1,0,0,0,0,0,0,0,1,0,1,0
861,0,0.24236252545824846,0,2,1,0,0,0,1,0.4847250509164969,199.04412889,0,0,0,0,1,0,0,0,0,0,0,0,1,0,1,0
862,0,0.47282608695652173,0,1,1,0,0,0,1,0.47282608695652173,132.25,0,0,0,0,1,0,0,0,0,0,0,0,1,0,1,0
863,1,0.6296296296296297,1,2,2,0,1,0,0,1.2592592592592593,672.3234126400001,0,0,0,0,1,0,0,0,1,0,0,0,0,0,0,1
864,0,0.24236252545824846,1,1,3,0,0,0,0,0.24236252545824846,4837.202499999999,1,0,0,0,0,0,0,0,0,0,0,0,1,1,0,0
865,0,0.47282608695652173,0,1,1,0,1,0,0,0.47282608695652173,169.0,0,0,0,0,1,0,0,0,0,0,0,0,1,0,1,0
866,1,0.47282608695652173,1,2,1,0,1,0,0,0.9456521739130435,169.0,0,0,0,0,1,0,0,0,0,0,0,0,1,0,0,1
867,1,0.47282608695652173,1,1,1,1,0,0,1,0.47282608695652173,192.05247889,0,1,0,0,0,0,0,0,0,0,0,0,1,1,0,0
868,0,0.6296296296296297,0,1,3,0,1,0,0,0.6296296296296297,2549.8258176400004,0,0,0,0,0,1,0,0,0,0,0,0,0,0,1,0
869,0,0.24236252545824846,0,1,1,0,1,0,0,0.24236252545824846,90.25,0,0,0,0,1,0,0,0,0,0,0,0,1,0,1,0
870,1,0.24236252545824846,0,0,1,0,0,0,1,0.0,123.95036889000001,0,0,0,0,1,0,0,0,0,0,0,0,1,0,0,0
871,0,0.24236252545824846,0,1,0,0,1,0,0,0.24236252545824846,62.34365764,0,0,0,0,1,0,0,0,0,0,0,0,1,0,1,0
872,1,0.6296296296296297,1,2,3,0,0,0,1,1.2592592592592593,2761.94393764,0,0,0,0,1,0,0,0,1,0,0,0,0,0,0,1
873,0,0.6296296296296297,0,2,0,0,1,0,0,1.2592592592592593,25.0,0,0,0,0,1,0,1,0,0,0,0,0,0,0,1,0
874,0,0.24236252545824846,0,2,1,0,1,0,0,0.4847250509164969,81.0,0,0,0,0,1,0,0,0,0,0,0,0,1,0,1,0
875,1,0.47282608695652173,1,1,2,1,0,0,1,0.47282608695652173,576.0,0,0,0,0,0,1,0,0,0,0,0,0,1,0,0,1
876,1,0.24236252545824846,1,0,0,1,1,0,0,0.0,52.200624999999995,0,0,0,0,1,0,0,0,0,0,0,0,1,1,0,0
877,0,0.24236252545824846,0,1,1,0,1,0,0,0.24236252545824846,96.93977764000002,0,0,0,0,1,0,0,0,0,0,0,0,1,0,1,0
878,0,0.24236252545824846,0,1,0,0,1,0,0,0.24236252545824846,62.34365764,0,0,0,0,1,0,0,0,0,0,0,0,1,0,1,0
879,0,0.24236252545824846,0,1,0,0,1,0,0,0.24236252545824846,62.34365764,0,0,0,0,1,0,0,0,0,0,0,0,1,0,1,0
880,1,0.6296296296296297,1,3,3,1,0,0,1,1.8888888888888888,6915.30285889,0,0,0,0,1,0,0,1,0,0,0,0,0,0,0,1
881,1,0.47282608695652173,1,1,2,0,0,0,1,0.47282608695652173,676.0,0,0,0,0,1,0,0,0,0,0,0,0,1,0,0,1
882,0,0.24236252545824846,0,2,0,0,1,0,0,0.4847250509164969,62.34365764,0,0,0,0,1,0,0,0,0,0,0,0,1,0,1,0
883,0,0.24236252545824846,1,1,1,0,1,0,0,0.24236252545824846,110.60097889000001,0,0,0,0,1,0,0,0,0,0,0,0,1,1,0,0
884,0,0.47282608695652173,0,1,1,0,1,0,0,0.47282608695652173,110.25,1,0,0,0,0,0,0,0,0,0,0,0,1,0,1,0
885,0,0.24236252545824846,0,1,0,0,1,0,0,0.24236252545824846,49.7025,0,0,1,0,0,0,0,0,0,0,0,0,1,0,1,0
886,0,0.24236252545824846,1,2,2,2,0,0,0,0.4847250509164969,848.265625,0,0,0,0,1,0,0,0,0,0,0,0,1,0,0,1
887,0,0.47282608695652173,0,1,1,0,1,0,0,0.47282608695652173,169.0,0,0,0,0,1,0,0,0,0,0,0,0,1,0,1,0
888,1,0.6296296296296297,1,1,2,0,1,0,0,0.6296296296296297,900.0,0,0,0,0,1,0,1,0,0,0,0,0,0,1,0,0
889,0,0.24236252545824846,1,1,2,0,0,1,0,0.24236252545824846,549.9024999999999,0,0,0,1,0,0,0,0,0,0,0,0,1,1,0,0
890,1,0.6296296296296297,0,1,2,1,1,0,0,0.6296296296296297,900.0,0,0,0,0,1,0,0,1,0,0,0,0,0,0,1,0
891,0,0.24236252545824846,0,1,0,2,1,0,0,0.24236252545824846,60.0625,0,0,0,0,1,0,0,0,0,0,0,0,1,0,1,0
